project_name,state,Latitude,Longitude,catchment_area_sq_km,catchment_outlet_lat,catchment_outlet_lon,commissioning_year,starting_year,installed_cap,dam_height,initial_cost,final_cost,planned_dur,actual_dur,seismic_zone,forest_area_div,dist_road,contract type,contract retendered,tunnel length,elevation,damlength,category,transmission line length cktkm,landowner_displaced,funder,glof_risk,source,catchment_source,n_construction_years,PRCPTOT_mean,PRCPTOT_max,PRCPTOT_p90,PRCPTOT_cv,PRCPTOT_trend,RX1day_mean,RX1day_max,RX1day_p90,RX1day_cv,RX1day_trend,RX5day_mean,RX5day_max,RX5day_p90,RX5day_cv,RX5day_trend,RX7day_mean,RX7day_max,RX7day_p90,RX7day_cv,RX7day_trend,SDII_mean,SDII_max,SDII_p90,SDII_cv,SDII_trend,R10mm_mean,R10mm_max,R10mm_p90,R10mm_cv,R10mm_trend,R20mm_mean,R20mm_max,R20mm_p90,R20mm_cv,R20mm_trend,R25mm_mean,R25mm_max,R25mm_p90,R25mm_cv,R25mm_trend,CDD_mean,CDD_max,CDD_p90,CDD_cv,CDD_trend,CWD_mean,CWD_max,CWD_p90,CWD_cv,CWD_trend,R95p_mean,R95p_max,R95p_p90,R95p_cv,R95p_trend,R99p_mean,R99p_max,R99p_p90,R99p_cv,R99p_trend,R30mm_mean,R30mm_total,R30mm_trend,R100mm_mean,R100mm_total,R100mm_trend
alain duhangan,himachal,32.2215,77.2245,363,32.2215,77.2245,2010,2003,192.0,14.5,1019.447028,2000*,4.0,7.0,V,32.17,0.1,EPC,NO,8533,2700,,large,176.5,0,IFC+ADHP,Medium/High (Elevation > 1500m),"IFC,MOP,ADHL",ADB-46919/IFC project docs (Allain+Duhangan catchments),8,1379.5418510288,1879.0305794477463,1755.0784779548644,0.2241005782977925,-53.82724827528,100.00072765350342,134.04820251464844,129.27268066406248,0.2957677596111835,-8.676445007324215,173.18915045261383,234.21574020385742,233.86688075065612,0.2523463612178852,-12.756963968276978,192.73730632290244,262.73450756073,259.65979266166687,0.3000394310045148,-18.385999456048012,11.512282981906939,15.906132231248874,15.379270359805487,0.2444791068840732,-0.4166076950080835,42.25,56,49.0,0.15097456594287662,-1.3333333333333335,18.375,29,28.3,0.4301880749323096,0.1,13.375,22,20.6,0.46381888574495544,0.16666666666666666,43.75,82,59.599999999999994,0.36153866194590123,-1.4642857142857144,17.25,30,29.3,0.46715250612423764,-1.875,201.64541578292847,469.96893310546875,405.21262321472165,0.7465540320408922,-26.435302098592118,77.97125720977783,247.34442901611328,168.03707046508788,1.109836414325672,-10.78445014953613,9.625,77,0.0,0.625,5,-0.08333333333333333
baira siul,himachal,32.8063,76.1418,2020,32.8063,76.1418,1981,1970,180.0,53,53.75417727,148,4.0,11.5,V,,0.3*,IR,YES,7630,1113,160,large,96,0,CG+NHPC,Low/Unknown,"PIB,https://www.cwejournal.org/vol17no1/ecological-consequences-of-hydropower-development-in-himachal-pradesh-with-special-reference-to-chamera-dam,IMD,NCS,ijrar","NHPC/CWE Journal (Baira+Siul+Bhaledh combined basins, Ravi trib.)",12,1652.9536221126716,2282.3899788856506,2148.6898403048517,0.22586662695390156,-21.494022047519685,94.60265890757243,172.517333984375,129.966902923584,0.34130154384996325,1.234414471520318,221.83378082265457,409.10061264038086,316.9536340713501,0.3776917682747388,-0.5118219032883644,254.990678605934,461.19336795806885,368.2502868652344,0.3711364193255938,-6.229723290963607,13.05140556792535,17.831171710044146,17.177080141813523,0.2204958411857528,-0.5151971675956601,52.666666666666664,78,70.9,0.26061044037864917,-0.18333333333333335,24.75,38,34.7,0.2955876128442908,-1.4166666666666665,18.166666666666668,28,26.9,0.39106681625591033,-1.225,36.833333333333336,91,49.0,0.5293344105610063,-2.155555555555556,21.75,45,31.8,0.44064634223540483,-1.0625,620.3266016642252,975.639575958252,931.7846115112305,0.420060828004895,-40.40690858023507,211.94245020548502,385.51951599121094,377.79430503845214,0.5672901808801032,-5.893870787187057,14.083333333333334,169,-0.9090909090909092,0.4166666666666667,5,0.0
nathpa jhakri,himachal,31.5658,77.9814,49820,31.5658,77.9814,2004,1993,1500.0,62.5,2038.380306,8187,5.0,11.0,IV,117.995,0.2,IR,NO-LD,27400,518.16,185*,mega,224*,480,WB,High (History/Prone),SJVN,SJVN DPR via IHA/hydropower.org (total Sutlej above Nathpa),12,1087.3548070391018,1356.800490617752,1319.2424371242523,0.16374534984705294,-39.37170323530833,51.20109748840332,87.02849578857422,74.09321212768555,0.3251488409398382,-2.001906394958496,122.80571919322635,210.31714630126953,161.22943256665022,0.31030501645133485,-7.350168812548282,143.13950630525747,250.77126550674438,176.97658715844153,0.2839417975686844,-5.536007940769192,6.744812991998909,8.304818066411048,7.9731245819109535,0.12720585248020416,-0.09381146606816185,30.75,46,44.300000000000004,0.29511933823415654,-1.8660714285714286,8.0,13,11.8,0.3423265984407288,-0.2863636363636364,4.333333333333333,8,6.9,0.4452244962611625,-0.15476190476190477,44.5,79,62.0,0.3788700067435363,-0.16666666666666666,45.083333333333336,86,74.6,0.4585705700571478,-2.0,236.03907934824625,416.24110412597656,395.35593090057375,0.4321328630716945,-12.284925542558941,83.90239556630452,198.87804412841797,195.41630325317385,0.8074585271888616,-6.283364534378052,2.8333333333333335,34,-0.11805555555555555,0.0,0,0.0
bhakra,himachal,31.4111,76.4356,56980,31.4111,76.4356,1963,1948,1415.0,225.55,,245.28,,15.0,IV,,0,IR,NO,,344.4,518.16,mega,3751,11000,SG,Low/Unknown,https://bbmb.gov.in/index-hi.htm ; https://cea.nic.in/wp-content/uploads/pdm/2022/03/Bhakra_Left_Bank_HPS_U_3_Upration.pdf,BBMB/CWC (Sutlej above Bhakra — Grokipedia citing BBMB),12,1088.321016083161,1473.725796341896,1205.9438116550446,0.15942787612674972,5.517356956005097,55.22081502278646,133.16578674316406,66.11169166564942,0.4515876091476878,-0.8856316248575846,154.41449304421744,362.2357368469238,159.70212831497193,0.4184298332635753,-4.515919501131231,174.8495319286982,375.51063442230225,189.59757480621337,0.36378954026388166,-4.551005011513119,7.902946544010061,10.094012303711617,9.078235183601237,0.12295193712152182,-0.0410919820986265,35.75,45,44.9,0.20559123413820163,-0.25396825396825395,11.25,18,14.9,0.27186295264448246,-0.303030303030303,5.666666666666667,9,8.9,0.4159451654038514,-0.3333333333333333,55.0,107,86.8,0.4452380426250108,-3.071428571428571,47.083333333333336,90,57.8,0.35247022181126947,0.30952380952380953,287.5406490961711,639.1265182495117,378.0283102035523,0.45321959301068737,-14.411289532979328,107.60221258799235,437.2802085876465,129.52868270874023,0.9833292455531352,-3.70266056060791,3.0,36,0.0,0.16666666666666666,2,0.0
karcham wangtoo,himachal,31.5012,78.0178,48755,31.5012,78.0178,2011,2005,1091.0,98,3784.0,,6.0,6.0,IV,503,0,EPC,NO,17200,1813,177,mega,35.22,6,PSC,High (History/Prone),https://www.researchgate.net/publication/272821005_Environmental_and_social_impact_of_Karcham-Wangtoo_hydropower_project_in_the_Kinnaur_district_of_Himachal_Pradesh_a_retrospective_analysis ; https://www.jswenergy.in/businesses/power-generation/karcham-wangtoo-hydro-plant/ ; https://www.jppowerventures.com/wp-content/uploads/2013/10/VOL-I.pdf ; https://www.mobt3ath.com/uplode/book/book-99499.pdf ;,"JSW Energy COO Sharad Mahendra, public statement reported by The Tribune (Oct 15, 2018) — ""project catchment area is 48,755 sq km (79.5% snow area)""",7,1108.157923068319,1384.5955505371094,1366.675613117218,0.19531825939268546,-15.237501949071884,44.72402272905622,59.979339599609375,56.9353874206543,0.22753345385464388,3.2691726684570312,113.99572604043144,148.99498462677002,141.52562675476074,0.19587544163618845,4.982999801635742,126.81506419181824,156.37275207042694,148.8066951274872,0.15729153556470504,-0.3353817701339722,7.118511297533254,9.092140860205529,8.581840453143316,0.1584887109431597,0.016339457959313908,34.285714285714285,46,42.400000000000006,0.24388351044436493,-0.3333333333333333,9.285714285714286,16,15.4,0.5107136206983948,0.2,6.142857142857143,11,11.0,0.6055449565716994,0.0,35.42857142857143,71,54.20000000000001,0.4520806909088374,-3.0,37.857142857142854,98,61.40000000000002,0.6687661257924746,-1.2,265.51373400006975,481.1490955352783,473.9656185150146,0.5659091463278716,-2.394492340087891,83.27582332066127,227.0337142944336,188.099813079834,0.896595235333128,4.442591667175293,4.428571428571429,31,-0.2,0.0,0,0.0
koldam,himachal,31.3975,76.8614,53000,31.3975,76.8614,2015,2004,800.0,167,6229.680248,,6.8,11.0,V,44.859,18,IR,YES,1830,,474,mega,480,482,NTPC,Low/Unknown,https://archive.pib.gov.in/release02/lyr2002/rjul2002/02072002/r020720024.html ; https://www.researchgate.net/publication/289659782_Monitoring_of_Earth_and_Rock-Fill_Dam_of_Koldam_HEPP_during_First_Step_of_Initial_Impounding ; https://forestsclearance.nic.in/writereaddata/AdditionalInformation/AddInfoSought/2014_5_511221245121318482014FCFACSHEET.pdf,NTPC DPR / aguidetohimachal.com citing NTPC (Sutlej above Koldam),12,1023.3417764604092,1255.061397433281,1194.1737045526504,0.13525873092391905,15.4306376516819,41.718241691589355,60.28264617919922,48.963952255249026,0.19251644230600148,0.2747548818588259,109.28072426716487,142.7985544204712,132.74495944976806,0.18524700559522478,0.017991751432418823,128.27261082703868,162.44094276428223,145.59808759689332,0.14462172232563866,1.2534913215786219,7.431950940075276,8.927454488747047,8.406553389279257,0.10245578356667889,0.12811411160022368,33.916666666666664,41,40.9,0.15294716950846113,0.7207792207792207,9.833333333333334,16,12.9,0.344447481913586,0.5,4.916666666666667,8,7.9,0.44295370662277894,0.35416666666666663,46.0,94,70.2,0.4449003909955604,-2.416666666666667,35.416666666666664,90,59.300000000000004,0.57084409060491,-0.4772727272727273,223.45271158218384,373.37804794311523,345.98217277526857,0.3916246970809375,13.160386435190837,45.26869487762451,142.11626434326172,126.01206703186037,1.0761174430604428,0.17404238382975262,3.0,36,0.14583333333333331,0.0,0,0.0
parbati II,himachal,31.8422,77.3458,834,31.8422,77.3458,2024,2001,800.0,83.7,,13600,,23.0,V,87.795,,IR,,31557,,110,mega,,400,CG ,Low/Unknown,"https://www.nhpcindia.com/assests/pzi_public/gallery/1672224798.pdf ; https://www.greentribunal.gov.in/sites/default/files/news_updates/Counter%20Affidavit%20on%20behalf%20of%20R%207%20MoEF%20CC%20in%20OA%20No%2098%20of%202026%20Chandresh%20Kumar%20Vs%20State%20of%20HP%20and%20Ors.pdf ; 
https://www.nhpcindia.com/assests/pzi_public/gallery/17797927680hi.pdf ; IMD","NHPC — Parbati basin ~1,149 km² total; dam at Pulga catches ~834 km²",24,995.7223166773716,1450.9011554718018,1226.598011112213,0.17710229631802646,10.876597940337424,62.661797205607094,113.09204864501952,98.17998962402343,0.3305644692466131,-0.23239716239597485,117.11989599776764,270.5286695212126,156.79716186523436,0.36035291575095507,-0.03154691060384115,134.0327352937311,280.59016712009907,168.3049375772476,0.3102016409561503,0.18277971744537352,9.603549885094642,13.559823882914035,11.876575851160897,0.15234905122271894,0.03509557157450964,31.916666666666668,47,38.7,0.20141703620786283,0.2403846153846154,13.0,23,17.7,0.28000422651078916,0.14285714285714285,8.791666666666666,18,12.7,0.37000227951245185,0.07738095238095238,48.041666666666664,100,84.19999999999999,0.45383638432550316,-0.22424242424242424,10.166666666666666,17,15.0,0.36546716081324515,0.08012820512820512,240.3581202030182,639.7954730987549,438.16562252044673,0.5943890012668624,1.0221362627469577,61.93066533406576,329.51268005371094,160.06972045898436,1.3126368882459674,0.0,5.625,135,0.06904761904761905,0.08333333333333333,2,0.0
parbati III,himachal,31.8317,77.2581,807,31.8317,77.2581,2014,2005,520.0,43,2659.583909,2711,5.0,8.6,IV/V,91.24,,IR,YES,7875,325,229,mega,3.5*,174,PSU,Low/Unknown,; https://www.nhpcindia.com/welcome/project_detail/34/2.html ; https://www.hppcl.in/WriteReadData/userfiles/file/environment-policy/2009_12_Summary_EIA.pdf ; https://www.nhpcindia.com/assests/pzi_public/gallery/16889644280hi.pdf ; https://uppcl.org/uppcl-pdf/PPA-PARBATI_070919.pdf ;  https://www.nhpcindia.com/assests/pzi_public/gallery/17210259780.pdf ;  https://phedwater.rajasthan.gov.in/content/dam/doitassets/water/Ground%20Water/Pdf/PublicReports/Groundwater_Atlas/Basinwise/Parbati%20River%20Basin.pdf ; https://nsearchives.nseindia.com/corporate/IDBITSL_13062025163535_VR_NHPC_merged.pdf ;https://www.slideshare.net/slideshow/powerful-parbati/22966570#12 ;https://www.researchgate.net/publication/327982647_Local_area_Development_through_Hydropower_Project_a_case_study_of_Parbati_Hydro-electric_Project_Stage-III520MW_in_Kullu_district_of_Himachal_PradeshIndia ; ,NHPC — Parbati basin upstream of Parbati-III diversion,10,1139.8083110451698,1479.5429499149323,1444.1544300556184,0.17927654983045005,24.91406273841858,64.72975654602051,104.62220001220705,94.60885543823241,0.3078337742194271,1.1939396858215332,138.24218041002752,213.46718174219131,186.08486326336856,0.2792244931302734,6.860133647918701,159.52683411240577,232.12292003631592,222.11354084014891,0.26977879088295087,8.88224482536316,10.393158216550054,13.95795235768804,12.969010727412776,0.1695034334531374,0.23674479641103408,36.8,49,47.2,0.18180139873562753,0.8,15.5,24,20.4,0.24010056859262446,0.4,10.1,19,17.2,0.43710376345829927,0.25,47.7,82,79.3,0.38951420903562656,0.16666666666666666,12.3,19,15.399999999999999,0.3128761204047782,0.6666666666666666,280.1241943359375,665.0184211730957,556.3470226287841,0.6654917211680169,15.152021408081055,69.99009780883789,243.32608032226562,203.77117233276365,1.3110326946574498,0.0,7.3,73,0.3333333333333333,0.1,1,0.0
chamera I,himachal,32.5936,75.9961,472,32.5936,75.9961,1994,1984,540.0,140,954.666405,2114,6.0,10.0,V,110*,100,bilateral,NO,6414,1000,785,mega,100,433,GE,Low/Unknown,"National Hydroelectric Power Corpn. Ltd., Faridabad v. Punjab State Electricity Board, Patiala ; https://www.scribd.com/document/802890268/INDOROCK2014RockBehaviourinaLargeCavern-Chamera-I#google_vignette ; https://www.nhpcindia.com/welcome/project_detail/18/2.html",Wikipedia/Wikiwand citing NHPC DPR (Ravi above Chamera I dam),11,1327.2337838086214,2262.0167820453644,1612.8343298435211,0.25354715253587484,6.697979112466176,72.48467809503728,123.2285614013672,107.94876098632812,0.3376371099380146,1.9175586700439453,184.9295835386623,468.13219451904297,293.47064208984375,0.5855161130612888,8.38213817278544,201.8706685121764,474.28093722462654,311.417857170105,0.5291806789636149,8.083207577466965,10.854297592377435,16.755679867002698,11.862829092072278,0.19371049054174438,0.06956705971895676,42.0,62,50.0,0.19422713657293988,0.375,17.454545454545453,33,21.0,0.34579568068120486,-0.2,11.818181818181818,26,15.0,0.4341897166667718,-0.25,40.0,62,58.0,0.31694565063200575,0.5,19.454545454545453,39,31.0,0.5071331516870566,2.0,327.88876377452505,1049.1850929260254,480.1240119934082,0.7920295278984059,0.1533336639404297,109.10639260031961,552.8676910400391,278.79832458496094,1.5330185596477657,7.002235412597656,8.909090909090908,98,-0.14285714285714285,0.36363636363636365,4,0.0
chamera II,himachal,32.5225,76.2414,2596,32.5225,76.2414,2004,2000,300.0,43,1909.595879,2708,4.5,4.08,V,78.8,0,EPC,NO,7830,1162,118.5,large,4,157,CG+NHPC,Low/Unknown,"Central Electricity Regulatory Commission ; https://cea.nic.in/wp-content/uploads/2020/04/rfd_1516.pdf ;  https://cercind.gov.in/2010/ORDER/Sept10/signed_order_in_Pet_No._57-2010.pdf ; https://www.nhpcindia.com/welcome/project_detail/22/index.php.html ; https://forestsclearance.nic.in/writereaddata/Addinfo/0_0_1117121212151JointIns.pdf ; National Hydroelectric Power Corporation Ltd. v. Punjab State Electricity Board
Central Electricity Regulatory Commission
Aug 14, 2003;","CBIP (Central Board of Irrigation & Power, Govt of India) technical paper ""A Case Study of Chamera Stage-II & III"" — official catchment at Chamera-II dam site on Ravi River",5,745.8013841152191,890.8238536119461,861.5297390699386,0.1509028128785341,-1.2827888578176498,34.46871376037598,36.11878967285156,35.9280288696289,0.05483823487337796,-0.08167791366577148,92.34913120269775,113.57461357116699,104.98707695007325,0.11945349122648521,-1.2081196308135986,111.80365419387817,135.13239002227783,125.08713855743409,0.11320416333075,0.7433685064315796,6.885774307265711,8.73356719227398,7.8592975069311874,0.13495495774043,0.1079785903732664,22.0,28,26.8,0.21320071635561044,0.125,6.6,12,9.600000000000001,0.41327823324199564,0.75,3.8,9,6.6000000000000005,0.6942582083301536,0.5,63.2,98,83.60000000000001,0.28575791664479266,2.5833333333333335,17.0,29,25.400000000000002,0.40241485591734283,-2.625,0.0,0.0,0.0,,0.0,0.0,0.0,0.0,,0.0,2.2,11,0.375,0.0,0,0.0
chamera III,himachal,32.4411,76.4258,2203,32.4411,76.4258,2012,2005,231.0,64,1520.967,2109,5.0,7.0,V,98.9814,,EPC,YES,15970,,73,large,6.6,384,CG+NHPC,Low/Unknown,https://www.nhpcindia.com/welcome/project_detail/29/index.php.html ; https://hpforest.gov.in/storage/files/1/pdf/CAMPA/CAT%20Plan/CAT%20Plan%20Chamera%20Stage-III%20HEP_compressed.pdf ; https://www.nhpcindia.com/assests/pzi_public/gallery/17562827940.pdf ;  https://cercind.gov.in/2026/Orders/46-GT-2025.pdf ;  https://cea.nic.in/wp-content/uploads/hpm/2021/11/QPR_106_9th_NOV_.pdf ; https://www.nhpcindia.com/assests/pzi_public/gallery/16908878370.pdf;,"CBIP (Central Board of Irrigation & Power, Govt of India) technical paper ""A Case Study of Chamera Stage-II & III"" — official catchment at Chamera-III dam site, 24km upstream of Chamera-II",8,1799.5665039271116,2597.1222709417343,2560.9414016246797,0.3242068450879042,-163.96722213427228,96.17466878890991,159.6650848388672,133.2907775878906,0.3353153627366312,-5.508813721793039,196.97775791212916,318.7422409057617,280.11695766448975,0.35814202871899126,-16.152779564261436,232.92236363259144,384.8564214706421,326.4821888923645,0.38053387189265575,-17.67439811695367,14.980122413805018,20.694596055077344,20.08613140934163,0.27818531392678547,-1.7123022476699612,51.875,72,71.3,0.29824083828240766,-4.904761904761905,29.375,42,41.3,0.38323868245781956,-2.75,22.375,35,32.2,0.4485654338803536,-3.0,44.375,80,68.8,0.44588088091805445,-5.267857142857142,16.125,30,28.6,0.5164792311663542,-1.0,448.08005237579346,966.0466728210449,951.4760108947754,0.7639114136302823,-90.19350083669028,133.04278755187988,450.92101287841797,352.2941467285156,1.2157125391460928,-24.9605954851423,17.875,143,-1.8333333333333335,0.375,3,0.0
bajoli holi,himachal,32.4272,76.6025,199,32.4272,76.6025,2022,2013,180.0,0,1891.270656,2110,5.0,9.0,V,75.23,7,BOOT,NO,15580,1707,,large,35,300,GMR,Medium/High (Elevation > 1500m),https://herc.gov.in/WriteReadData/Orders/O20210429a.pdf ; https://forestsclearance.nic.in/writereaddata/AdditionalInformation/AddInfoSought/0_0_211261224121318-43-2011-FC.pdf ;  https://hpforest.gov.in/storage/files/1/pdf/CAMPA/CAT%20Plan/Bajoli-Holi.pdf ; https://www.scribd.com/document/128816802/Bajoli-Holi#google_vignette ; https://cea.adgstaging.in/wp-content/uploads/2020/04/private-hydro.pdf,GMR/FC docs forestsclearance.nic.in (Holi Khad catchment),10,3139.6657111763952,3802.7968517541885,3626.374225604534,0.13145297525251023,-81.6901044845581,201.45967864990234,325.1290283203125,289.87038574218747,0.3222943910867747,8.59219360351563,426.4114141277969,637.5405120849609,526.2727572150528,0.2570883591012355,2.8284832648932934,537.0863945178687,850.2108076810837,692.3308936953543,0.2758270473614971,-9.485894845426083,28.055318643344254,35.299648109902726,32.00447832352637,0.15289562308004642,-0.07634072040348006,68.9,81,75.6,0.08449218913107626,-1.8333333333333333,48.0,60,56.4,0.1391317321422,-0.7142857142857143,40.3,55,47.8,0.17998201296068078,-1.1428571428571428,44.8,82,75.7,0.460146383097326,1.0,14.1,29,23.599999999999998,0.4677088537247531,-0.4,974.9355392456055,1595.2790069580078,1457.4561866760253,0.4253889110043109,-34.8050297328404,477.407048034668,1069.4090270996094,891.7869354248046,0.7737071382888013,-9.879784720284599,35.5,355,-1.8,5.1,51,-0.2857142857142857
rampur,himachal,31.4725,77.6744,49260,31.4725,77.6744,2014,2007,412.0,0,2135.169172,4340,6.0,7.0,IV,49,0,SPLIT,NO,15170,1030,0,large,,167,WB,Low/Unknown,https://openknowledge.worldbank.org/server/api/core/bitstreams/c6d00fd4-fb2f-53e7-aff5-8c828adf0d74/content ;  https://www.worldbank.org/en/news/feature/2007/09/13/rampur-hydropower-project ; https://www.sjvn.nic.in/en/rampur-hps ; https://www.cercind.gov.in/2017/orders/184.pdf;,"World Bank / SJVN DPR (Sutlej above Rampur, downstream of Nathpa)",8,1122.0078720897436,1381.5318938493729,1308.6646136045456,0.1530103526917857,6.2604865580797195,47.05104351043701,73.50563049316406,65.73163146972657,0.2889334963880072,-0.19277109418596539,123.27602556347847,205.50587272644043,161.95820412635803,0.29264549756304503,-1.0954401791095734,142.8373831808567,226.98208236694336,172.82358070611951,0.2367245759752302,1.098846189181011,7.670361849851225,9.398176148635189,9.07263498060268,0.13134883488582355,0.1613640208314755,36.375,47,44.2,0.2254201238493914,0.75,11.25,15,14.3,0.24645636680909816,0.3666666666666667,6.625,9,9.0,0.3614574351069437,0.0,40.375,71,52.8,0.34183548473577685,2.2,40.75,100,68.5,0.6299332012258916,-0.8,297.42860865592957,462.25586700439453,430.9791845321655,0.32981201290208084,15.622305234273274,75.863600730896,251.7533721923828,163.9847732543945,1.0222321690159113,7.327735900878906,4.0,32,0.08333333333333333,0.0,0,0.0
malana I,himachal,32.0628,77.2614,84,32.0628,77.2614,2001,1998,86.0,16,397.9160168,322,5.0,2.5,V,61*,24,IR,NO,3100,1878,305,large,24.23,0,BHILWARA,Medium/High (Elevation > 1500m),https://onemine.org/documents/design-and-construction-of-malana-hydroelectric-power-tunnel-india ; https://hpsdma.nic.in/index1.aspx?lsid=70&lev=2&lid=62&langid=1 ; https://cercind.gov.in/2025/ROP/23-TT-2023_201125.pdf ; https://www.lnjbhilwara.com/mpcl.html ; https://www.malanapower.com/mpcl-at-a-glance.aspx?AspxAutoDetectCookieSupport=1 ; https://indiawris.gov.in/wiki/doku.php?id=dams_in_himachal_pradesh ; https://energyinfratech.com/pdf/Malana.pdf ; https://hillpost.in/2013/06/hydro-projects-causing-degeneration-of-hill-ecology-cag-june-5-is-world-environment-day/84583/ ; https://www.bhilwaraenergy.com/hydro-power-generation/,Malana Power / env.clearance.nic.in (Malana nala catchment),4,1051.115285485983,1359.240879893303,1254.6787124991417,0.17566353868296972,-33.62514684597651,54.956515312194824,75.50466918945312,70.03594512939453,0.2462376361788919,-13.668093363444012,126.85060352087021,164.92274236679077,162.78597435951232,0.28591987270382907,-22.651952823003136,138.07702691853046,179.9943389892578,177.77303603291512,0.2853881828606299,-26.08729866643747,7.924529569568737,10.37588457933819,9.55982844376478,0.18596854819208428,-1.1132571709988848,32.25,44,40.1,0.22076016846353708,-1.1666666666666665,11.5,19,16.6,0.4101730926981132,-4.0,6.75,13,10.900000000000002,0.5580192286414579,-2.833333333333333,47.0,55,54.1,0.1627346653274293,-7.333333333333334,20.0,29,26.3,0.2761340254296815,2.6666666666666665,238.9759111404419,503.3598442077637,414.6289310455323,0.6721459732733401,-100.16606839497885,63.396921157836914,139.79185485839844,131.99304733276367,1.0104542619111556,-51.74759991963704,4.75,19,-0.8333333333333334,0.0,0,0.0
malana II,himachal,32.0914,77.2856,60,32.0914,77.2856,2011,2003,100.0,45,739.6134267,868.52,3.75,8.0,V,17.545,25,EPC,NO,5130,2513,,large,38,0,EPPL+ICB,Medium/High (Elevation > 1500m),"https://himachalservices.nic.in/economics/pdf/EconomicSurveyEng2014_15_A1b.pdf ; https://cdm.unfccc.int/Projects/Validation/DB/9IR6FF2PSZYKR6Q155EJSS9FE22BUL/view.html ; https://hpforest.gov.in/storage/files/1/pdf/CAMPA/CAT%20Plan/CAT%20Plan%20Malana-II%20HEP_compressed.pdf ; https://nationalcampa.nic.in/dashboard/APOPDF//66c31ad5bfe16.pdf ; https://aptel.gov.in/sites/default/files/2026-05/430%20of%202019%20%26%20Batch.pdf ; https://webapps.sgs.com/quality-network/full/100%20MW%20Malana%20-%20II,%20Hydro%20%E2%80%93%20Electric%20Power%20Project%20(Malana%20%E2%80%93%20II%20HEP)%20at%20Kullu%20district%20of%20Himachal%20Pradesh%20State,%20India,%20by%20Ms%20Everest%20Power%20Private%20Limited.pdf ;https://www.scribd.com/document/45100303/Traning-Report",CDM/UNFCCC docs / env clearance (Malana nala above Malana-II),9,984.6346171564526,1321.5324397087097,1316.3668880462646,0.22521920892766317,69.26075604707003,62.49057261149088,105.78221893310548,84.63890228271485,0.3347938817809053,3.494780608585904,121.46964889102512,155.21435546875,154.40487480163574,0.20957730895406174,6.441656911373139,133.31170205771923,193.6295747756958,162.19088319540023,0.21668976913257856,7.099603827297687,8.963494912979446,12.467287167063299,11.260627434283684,0.1801178115918683,0.49442746570789853,29.555555555555557,43,40.6,0.2596979855514367,2.4642857142857144,12.333333333333334,21,18.6,0.3544561364487568,1.4285714285714286,7.888888888888889,19,14.200000000000001,0.5868356804506946,1.0,48.22222222222222,94,82.0,0.4475268933199916,0.6,11.555555555555555,18,16.4,0.30008627950629296,-0.16666666666666666,252.04796494377985,556.5258674621582,471.14289169311525,0.5851923163988323,55.50875033651079,98.9802008734809,237.04252243041992,195.88203048706055,0.8753569345461734,23.671653032302856,5.333333333333333,48,0.6666666666666667,0.1111111111111111,1,0.0
sainj,himachal,31.7914,77.3011,313,31.7914,77.3011,2017,2010,100.0,24.5,478.5798995,775,4.0,7.0,V,47.99,0,EPC,NO-LD,6300,1752,48*,large,1.8,0,ADB,Medium/High (Elevation > 1500m),https://www.adb.org/sites/default/files/project-documents/41627/41627-043-emr-en_1.pdf ; https://hppcl.in/WriteReadData/userfiles/file/Environment%20Clearance%20Sainj%20HEP.pdf ; https://www.scribd.com/document/248309971/Sainj-Hydr ; ,ADB env monitoring report / HPPCL env clearance (Sainj R catchment),8,993.5650726407766,1488.1396429538727,1188.294839453697,0.2207137883265507,-45.66757547855377,51.093472957611084,84.02342224121094,79.44346160888672,0.35219306951049584,-1.4035050528390067,110.19251327216625,187.01038390398026,181.6053601205349,0.4030606521783772,-7.396331706643105,131.15536638349295,228.5932016372681,202.8593848466873,0.3960195050631716,-11.26671362916629,9.72353244177202,14.039053235413894,12.052106636771464,0.19949452661782663,-0.57325899330897,33.625,48,40.3,0.2274351751366904,-1.75,13.25,23,18.799999999999997,0.3574961381414418,-1.3666666666666667,8.875,20,13.7,0.5702051402816102,-1.6666666666666667,55.75,86,81.8,0.3547705920415872,-0.3333333333333333,12.5,22,17.099999999999998,0.3687817782917155,0.75,217.85833883285522,655.6414012908936,410.1733678817748,0.8667307859885869,-41.55291531880697,49.380929470062256,198.7359390258789,197.03882942199706,1.732094297540463,0.0,5.625,45,-0.9,0.0,0,0.0
uhl III,himachal,31.9542,76.8012,338,31.9542,76.8012,2021,1998,100.0,0,740.624238,1165,5.0,23.0,V,0,0,IR,YES,8400,890,0,large,20,,SG+PFC,Low/Unknown,https://npp.gov.in/public-reports/cea/monthly/transmission/tl/2023/DEC/trans1-2023-12.pdf ; http://www.ir.juit.ac.in:8080/jspui/bitstream/123456789/5227/1/Use%20of%20Construction%20Management%20Tools%20in%20the%20Tunneling%20Project%20of%20UHL-%20III%20%28100%20MW%29.pdf ; https://hptenders.gov.in/nicgep/app?component=%24DirectLink&page=FrontEndLatestActiveTenders&service=direct&sp=SuvNwohawcM0r6jN%2By1BhLQ%3D%3D ; https://sandrp.in/2020/05/18/uhl-hydro-project-disaster-needs-independent-probe/ ; https://planning.hp.gov.in/plg_PlanFormulation/Annual_plan_2010-11.pdf ; https://environmentclearance.nic.in/writereaddata/Online/EDS/0_0_13_May_2025_1758283531ComplianceReportThanaPlaunHEP191MWHPPCL.pdf ; https://saiindia.gov.in/uploads/download_audit_report/2014/Himachal_Pradesh_Report_2_2014_Chap_2.pdf ;  https://www.scribd.com/presentation/713854359/Presentation-on-UHL-2 ; ,HPPCL / planning.hp.gov.in (Uhl R above Uhl III),24,1510.1373882591724,1943.5853345394135,1822.8535813450812,0.16107005686400153,-8.141285984139692,105.19956270853679,249.1043701171875,154.31849365234376,0.4326717065973554,0.3651231129964181,220.73734119410315,436.28626680374146,300.3288908243179,0.3503246646333345,0.1687573989232381,255.30795281690857,446.065637588501,324.0865990459919,0.3007229088496596,0.03944516057769457,14.072859965136885,17.596425889520084,17.168211715298007,0.14631774314146465,0.03948115544643771,46.458333333333336,64,56.4,0.16799573300949322,-0.1715686274509804,23.833333333333332,34,28.0,0.23350780219669928,-0.125,17.291666666666668,27,21.0,0.2583487657660207,0.0,53.458333333333336,93,81.4,0.3921598856443543,-0.9027777777777777,15.041666666666666,31,21.7,0.39865143563644345,-0.2857142857142857,420.0194330215454,910.031852722168,636.4151935577391,0.432908934316224,4.945385869344076,165.48498471577963,476.87528228759766,380.6373489379883,0.9122655647409311,2.3718416849772135,13.541666666666666,325,-0.15789473684210525,0.5416666666666666,13,0.0
tidong-1,himachal,31.5245,78.3564,313,31.5245,78.3564,2023,2003,150.0,8*,885.2500211,2100*,4.0,20.0,IV,32.17,15,MP,YES,8409,2663,64.5,large,57,0-LA,IFC+ADB+ICB,Medium/High (Elevation > 1500m),https://www.indiawaterportal.org/governance-and-policy/governance/power-play-kinnaur ; https://ewsdata.rightsindevelopment.org/files/documents/14/ADB-46919-014_OtWGQ8M.pdf ; https://www.nslpower.com/Executive_Summary_Tidong-1_HEP_03092011.pdf ; https://cea.nic.in/wp-content/uploads/hpm/2021/11/QPR_106_9th_NOV_.pdf ; https://www.scribd.com/document/141387478/Tidong ; ,ADB-46919 / IFC docs (Tidong Khad catchment),21,710.3369001490729,1157.0419952869415,964.5156217813492,0.35768745269266483,11.461006627551146,43.924185298738024,140.5696563720703,66.76409149169922,0.6318616265125429,0.8321638743082687,97.27718265283676,281.71851444244385,136.8691177368164,0.5802486425612648,1.2199576080791532,112.47782344974223,298.8437104821205,174.44407415390015,0.5493521057340756,0.9856944898409503,6.686145954574526,10.273683919819122,8.535536475941143,0.26578350082871083,0.10227080377340286,19.476190476190474,37,28.0,0.4441271669304466,0.5,6.190476190476191,20,13.0,0.8365892999583091,0.14835164835164835,4.142857142857143,14,10.0,1.0515828056535799,0.0,41.095238095238095,80,59.0,0.34795272266888905,0.08012820512820512,10.238095238095237,20,15.0,0.3847273623239111,0.0,124.19899331955682,585.5726928710938,344.9474334716797,1.2450068684624442,0.0,46.47347150530134,396.5422668457031,114.83163833618164,1.9086868950495557,0.0,2.5238095238095237,53,0.0,0.047619047619047616,1,0.0
pong,himachal,31.9631,75.9208,12561,31.9631,75.9208,1974,1961,396.0,133*,216.3460008,325,5.0,13.0,V,0,0,IR,NO,5017,435,1151,large,,20700,SG ,Low/Unknown,https://api.mountainscholar.org/server/api/core/bitstreams/c879b4b7-8c5d-4a5f-b3c0-455958591178/content ; https://indiawris.gov.in/wiki/doku.php?id=beas_unit_-_ii_pong_dam_major_irrigation_project_punjab_ji03099 ; https://bbmb.gov.in/pong-hi.htm,BBMB / Wikipedia (Maharana Pratap Sagar) — Beas above Pong,14,984.9641236918313,1489.1989855766296,1238.234675335884,0.2289465153129561,-4.450232761246817,50.99265480041504,83.80697631835938,73.89933090209962,0.30190556319261885,-0.46030698503766637,132.7371620450701,186.29041862487793,176.17639017105103,0.2624213314519357,1.9380060195922866,160.45112333978926,216.86745619773865,204.79897060394288,0.21121979808692173,2.792954206466675,9.011030742184488,12.307429632864707,10.590878114587175,0.15846850767922316,-0.004027210680165538,33.357142857142854,48,43.7,0.23891881547103178,0.25,12.214285714285714,22,16.700000000000003,0.3544168438479944,0.0,7.142857142857143,13,10.700000000000001,0.47581509013481277,-0.42857142857142855,56.714285714285715,84,76.2,0.2866007315341362,0.6363636363636364,26.428571428571427,67,44.50000000000001,0.5633563200287091,-0.4,216.95022773742676,532.369945526123,395.2844007492066,0.6718873594940588,-14.3624698638916,51.368054798671174,184.59722900390625,142.20630912780763,1.1522465722004542,0.0,4.5,63,-0.3333333333333333,0.0,0,0.0
dehar,himachal,31.4125,76.8642,12561,31.4125,76.8642,1977,1961,990.0,76.2,130.7145258,449,7.0,16.0,V,0,0,IR,NO,25460,896,255,mega,3751,,SG,Low/Unknown,https://moef.gov.in/uploads/2019/06/Report-CIAampCCS-of-Beas-sub-basin-in-HP_compressed-1.pdf ; https://bbmb.gov.in/dehar.htm,BBMB — Dehar uses Pong reservoir via Beas-Sutlej link; same Beas catchment,17,1103.7691476204816,1498.0127791166306,1369.4058878183364,0.1862336905597125,-10.299023500510625,47.39913222369026,69.3961181640625,65.5594367980957,0.24932170044643084,-0.9682831764221191,127.98783659934998,230.94284057617188,152.5429811000824,0.26921405935570164,-3.291793608665466,154.40631325104658,249.96130561828613,187.65705032348635,0.22924315008073684,-2.752542742093404,8.147844214558418,10.85516506606254,9.997895030938942,0.18016314684774087,-0.05779925747478067,37.0,55,46.8,0.2422697353619868,-0.2,10.764705882352942,20,17.4,0.46012097125728707,-0.2792207792207792,6.176470588235294,15,10.0,0.5856949280579733,-0.25,55.0,95,81.6,0.3385461782791508,2.1180555555555554,38.470588235294116,87,64.4,0.5073504173061893,-1.1,197.19644636266372,555.2139511108398,343.96276054382326,0.6663106830229649,-7.790973424911499,43.33316960054285,238.25233840942383,118.72940139770508,1.4468765950456433,0.0,3.4705882352941178,59,-0.08012820512820512,0.0,0,0.0
sawra kuddu,himachal,31.1278,77.7714,852,31.25,77.65,2020,2007,111.0,10.45,717.8482236,2081,5.0,13.0,IV,53,0,IR,YES,11365,1500,0,large,11.3,0-LA,ADB,Low/Unknown,https://cea.nic.in/wp-content/uploads/hpi/2026/04/In_Operation_HEPs__PSPs_as_on_30.04.2026-1.pdf ; https://forestsclearance.nic.in/DownloadPdfFile.aspx?FileName=0_0_121129121512131DetailaboutProject(CheckList-4).pdf&FilePath=../writereaddata/Addinfo/ ; https://www.adb.org/sites/default/files/project-documents/41627/41627-023%2C%2041627-033-emr-en_4.pdf ; https://www.adb.org/sites/default/files/project-documents/41627/41627-023%2C%2041627-033-emr-en_4.pdf ; https://static.pib.gov.in/WriteReadData/specificdocs/documents/2022/apr/doc202242145301.pdf;,HPPCL env docs (Pabbar R above Sawra Kuddu),14,1039.4564526506833,1424.6176933050156,1194.9471027374268,0.1421985075119668,-9.96301523844401,58.836198806762695,96.89320373535156,92.23648376464844,0.3835371159738745,-3.055572509765625,133.87584745458193,294.6654357910156,189.669703578949,0.4205632459726857,-5.398550055243752,151.91716402928745,319.0737065076828,203.3833453178406,0.3836831878074071,-7.573469807393849,9.3445397842685,12.719800833080496,11.634471910866825,0.17031838927944612,-0.2309759027396409,34.214285714285715,46,41.0,0.16796441825061112,0.0,12.5,21,15.700000000000001,0.2733913991749871,-0.4,7.714285714285714,18,10.0,0.48608906475580316,-0.45454545454545453,50.142857142857146,90,75.50000000000001,0.36933890998421015,-1.3,15.428571428571429,28,24.400000000000002,0.3985785787042756,0.1,278.101092338562,719.1513175964355,401.6914337158204,0.5882241563696886,-25.056238810221355,78.55127389090401,210.48607635498047,196.68239517211913,0.9862192617763177,-11.014630635579428,4.5,63,-0.5,0.0,0,0.0
kashang I,himachal,31.5911,78.2714,221,31.71,78.27,2016,2010,243.0,0,759.0169919,1319,4.0,6.5,V,63.5,5,SPLIT,YES,6300,2872,0,large,76,204,ADB,Medium/High (Elevation > 1500m),https://www.hppcl.in/content/602_5_KashangHEP.aspx ; https://www.adb.org/sites/default/files/project-documents//41627-043-ind-semr-05.pdf ; https://hpptcl.com/projects-commissioned-2/ ; https://www.hppcl.in/WriteReadData/userfiles/file/R%20and%20R/2018-3-Resettlement%20Plan%20IKHEP(1).pdf ; https://cag.gov.in/uploads/download_audit_report/2019/Chapter_2_Performance_Audit_Relating_to_Power_Sector_Undertakings_of_Report_No_3_of_2019_PSUs_Economic_Sector_Government_of_Himachal_Pradesh.pdf ; ,HPPCL env clearance (Kashang Khad catchment),7,802.9522065775735,1046.451140165329,1028.068674969673,0.2594217869718547,-54.14568543434143,66.4630423954555,185.0338287353516,112.32209777832037,0.7592962548078153,-1.666030883789059,126.5212881224496,318.63856875896454,213.87669949531562,0.6830873846534251,-11.539710968732834,145.9423234909773,324.4962219148874,245.65741239190106,0.5982974455633459,-3.657307744026184,8.313086570601754,12.919149878584308,10.811069385725776,0.30411174402821384,-0.2026616838751547,23.0,34,31.6,0.3335583001763367,-1.75,9.714285714285714,17,14.600000000000001,0.5094267081084933,-1.25,6.571428571428571,10,9.4,0.49381811702611084,0.0,45.0,75,60.60000000000001,0.3198324076128553,5.0,8.857142857142858,15,13.200000000000001,0.3930986324823852,-1.3333333333333333,222.5883889879499,657.8896217346191,440.9356170654298,0.9598220800826601,4.915410995483398,39.63313620431082,277.4319534301758,110.97278137207041,2.4494897427831783,0.0,4.571428571428571,32,0.0,0.14285714285714285,1,0.0
kutehr,himachal,32.4812,76.5328,1470,32.76,76.5,2025,2011,240.0,27,1817.966822,1856,6.0,14.0,V,72,0,EPC,YES,21200,1681,193,large,,30,CONSORTIUM,Medium/High (Elevation > 1500m),https://group.jsw.in/sites/default/files/assets/industry/energy/Kutehr-tender/Kutehr%20NIT_Lot_2_Final.pdf ; https://herc.gov.in/WriteReadData/Orders/IO20250827a.pdf ; https://www.indiaratings.co.in/pressrelease/81590 ; https://hpforest.gov.in/storage/files/1/pdf/CAMPA/CAT%20Plan/Kutehr%20Hudro%20Electric%20Project.pdf ; https://hppcb.nic.in/KutherSummary_Eng.pdf ; https://ejatlas.org/print/kuther-hydroelectric-project-hp-india,JSW Energy DPR (upper Ravi above Kutehr),14,1695.7068271211215,2352.989490866661,2195.8339205503466,0.2184764645088923,32.05957570672035,91.82739230564663,156.86602783203125,118.94601135253906,0.3104999665776143,4.225359598795573,190.75334725209646,287.0962619781494,245.28983201980594,0.26180989395121274,7.345785617828369,235.9488788551784,365.2434139251709,323.000741481781,0.2967593927459589,8.24740344285965,13.431913859598811,17.9617518386768,15.606765424600153,0.1743613127686641,0.1967364833650418,54.785714285714285,73,66.10000000000001,0.2234644061413,0.8333333333333334,28.071428571428573,44,35.7,0.2832210810176363,1.0,18.428571428571427,31,24.700000000000003,0.30949557794848265,0.2857142857142857,45.642857142857146,87,79.9,0.49078688359243533,0.7,17.5,30,26.500000000000007,0.3916028213372579,0.8,307.03723171779086,555.451976776123,543.906436920166,0.5820126232225195,18.236143112182617,102.4440531049456,392.5456848144531,223.0611671447754,1.1763717070868893,14.053778754340279,12.928571428571429,181,0.1111111111111111,0.6428571428571429,9,0.1
baspa,himachal,31.4422,78.2256,950,31.5267,78.3028,2003,1993,300.0,13,1124.8648,1612,5.0,10.0,V,49,0,EPC,NO,7.95,2539,61,large,56.7,0,CONSORTIUM,Medium/High (Elevation > 1500m),https://www.jswenergy.in/businesses/power-generation/baspa-ii-plant/ ; https://hpforest.gov.in/storage/files/1/pdf/CAMPA/CAT%20Plan/Basp%20Stage-II.pdf ; https://www.researchgate.net/publication/259086883_300_MW_Baspa_II-India's_largest_private_hydroelectric_facility_on_top_of_a_rock_avalanche-dammed_palaeo-lake_NW_Himalaya_Regional_geology_tectonic_setting_and_seismicity ; https://www.scribd.com/document/983529665/AKUMULACIJE-SEDIMENTACIJA-2#google_vignette ; https://documents1.worldbank.org/curated/en/957671468253830473/pdf/E14650vol-02.pdf ; https://www.powermin.gov.in/static/uploads/2025/08/43e59cec3c4fff5e2d9efae33b156a20.pdf,HBPCL / env clearance (Baspa R catchment),11,931.9764893163334,1281.027957201004,1270.9564328193665,0.28648358859147627,-65.30323702096939,46.57404916936701,77.1448974609375,62.387996673583984,0.32607019032426754,-1.7642440795898438,117.93460055914792,190.34235954284668,166.0787410736084,0.32742107844946033,-8.008906185626984,139.45231601866809,231.39922046661377,178.68106359243393,0.31031330941408103,-10.197792013486227,7.053288330047536,8.587543464995719,8.456568244731788,0.18354448431889178,-0.3465218158683392,27.90909090909091,46,43.0,0.4083760524600017,-3.6,8.454545454545455,14,13.0,0.5176947577294934,-1.0,5.2727272727272725,9,8.0,0.49910740779759066,-0.5714285714285714,46.63636363636363,75,71.0,0.37878007521862195,3.888888888888889,19.181818181818183,45,24.0,0.4688351346736011,-1.0,198.04723046042702,393.3578910827637,319.28978538513184,0.5669044840753299,-27.034159898757935,54.28488436612216,229.3941192626953,117.4124641418457,1.2561733528489656,-7.307270685831706,2.8181818181818183,31,-0.25,0.0,0,0.0
Ranjit Sagar Dam (Thein),himachal,32.4414,75.7311,8700,32.62,75.69,2001,1981,600.0,160,109.6381251,3800,9.0,20.0,IV/V,65.96,30,DEPARTMENTAL,NO,4000,540,617,mega,26,816,SG,Low/Unknown,https://www.scribd.com/document/37399636/Mi-Nip ; http://164.100.60.165/Meetings/NRPC_TCC/61NRPC/61NRPC_MN.pdf ;  https://cea.nic.in/wp-content/uploads/hpi/2025/07/In_Operation_Hydro_HEPs_as_on_31.07.2025.pdf ;  https://indiawris.gov.in/wiki/doku.php?id=ranjit_sagar_dam_hydroelectric_project_jh01087 ; http://himachalpr.gov.in/OnePressRelease.aspx?Language=1&ID=46606.,Punjab Irrigation Dept (irrigationapp.punjab.gov.in) — Ravi above Thein,21,1143.9128711223602,1907.0059195756912,1407.4774758815765,0.23634066152344657,-5.206630326743818,74.35381535121373,172.34092712402344,143.05322265625,0.5354976096317435,0.047218693627251125,171.01355915126345,451.32909393310547,364.6687548160553,0.6151141425032308,0.6654872256804278,200.05507919263272,456.12723475694656,424.8678026199341,0.5283598534680559,1.5765141058299277,10.100532457005208,16.025259828367155,11.350624805496585,0.2184055608409547,-0.020217105103934707,36.0,51,42.0,0.20012488752158278,-0.21825396825396826,14.952380952380953,26,21.0,0.31738668798219083,-0.059027777777777776,10.238095238095237,24,14.0,0.477464005648701,0.0,47.285714285714285,87,74.0,0.3907221683666206,0.6904761904761905,17.714285714285715,38,26.0,0.4112112510961923,0.13392857142857142,323.9660117739723,1167.7962036132812,528.2080001831055,0.8274857281814118,-3.892609788225843,120.55050986153739,655.6782608032227,355.7373275756836,1.5600887606374663,0.0,7.0476190476190474,148,0.0,0.38095238095238093,8,0.0
ghanvi,himachal,31.5328,77.7511,82,31.72,77.89,2000,1993,32.5,0,112.5576,173,3.0,7.0,V,12.48,5,IR,YES,1400,1943,0,small,,0,SG+PFC,Medium/High (Elevation > 1500m),https://webdocuploader.hpseb.in/uploader/download2.php?link=/portal/noti/A.A.R.%202010-11.pdf ; https://planning.hp.gov.in/plg_PlanFormulation/ANNUAL%20PLAN%202006-07.pdf ; https://documents1.worldbank.org/curated/en/360181468042340258/pdf/E14650VOL-03.pdf ; http://himachalpr.gov.in/OnePressRelease.aspx?Language=1&ID=594 ; https://hppcb.nic.in/Luhari_EIA.pdf ; https://hpaldc.org/TMR/gen/genSchemes.htm,HIMURJA / HP power sector docs (Ghanvi nala catchment),8,1207.2874039411545,1694.9794273376465,1551.6665453553198,0.27807634120002517,-52.31248489022255,78.04507827758789,165.23484802246094,116.91750183105468,0.4850406995224009,0.7282218933105469,172.21861616522074,248.75759887695312,232.67377281188965,0.27093005465572156,0.3918776412804921,195.22442973405123,271.475248336792,255.57289371490478,0.24457769179286634,2.996278723080953,10.014143485396787,12.632624948378837,11.814193001083082,0.19955441069128746,-0.079848336137426,36.875,50,47.9,0.325829549220253,-2.75,15.875,26,24.6,0.4436782547080569,-0.9523809523809523,10.875,19,16.2,0.4097826085051928,-0.6428571428571428,55.625,97,78.1,0.3583054283038791,0.07142857142857142,15.625,25,23.6,0.33856166351198125,-0.7,353.6529746055603,651.9394969940186,561.6214231491089,0.55765863358627,-14.265240669250488,104.18086814880371,238.33184814453125,198.89851036071775,0.765610785103477,4.619745254516602,7.375,59,-0.07142857142857142,0.125,1,0.0
larji,himachal,31.7214,77.2258,5498,31.9014,77.13,2007,1988,126.0,26.5,291.0630535,1461,5.0,19.5,V,6.6,0,IR,YES,4400,930,100,large,15.4,0,SG+PFC,Low/Unknown,https://webdocuploader.hpseb.in/uploader/download2.php?link=/portal/petition/Larji_Petition_78_Rev.pdf ; https://cccorpn.com/portfolio/larji-hydro-electric-project-india/ ; https://www.researchgate.net/publication/382356797_Seismo-tectonic_model_of_the_Kullu-Larji-Rampur_window_NW_Himalaya_A_study_based_on_structural_analysis_seismicity_and_localized_stress ; https://hppwd.hp.gov.in/sites/default/files/documents/DM2015.pdf.pdf ;  ; https://www.hpforest.gov.in/storage/files/1/pdf/CAMPA/CAT%20Plan/Lariji.pdf ; https://forestsclearance.nic.in/DownloadPdfFile.aspx?FileName=0_0_21127122712151Jointinspectionreportmandiandkullu.pdf&FilePath=../writereaddata/Addinfo/ ; file:///C:/Users/User/Downloads/Larji_Petition_78_Rev.pdf,HPSEB / env clearance (Beas above Larji),20,1163.5282120049,1606.9884819984436,1442.1268258213997,0.17602161144284642,-16.80607968966166,54.50780878067017,117.56949615478516,70.70777282714846,0.3748209223660698,-0.5168169566563203,142.92422337532042,261.95049142837524,211.77675418853764,0.3662642727532509,-3.1558078951305815,160.9802911326289,267.64409470558167,233.74312513470653,0.32201389957892745,-2.708195168863643,8.251911900970597,10.572292644726602,10.10679032178077,0.14063118973329647,-0.02802792393316987,37.75,57,47.1,0.24204369393589395,-1.0,12.5,24,16.200000000000003,0.36088779419647876,-0.12698412698412698,7.3,15,13.100000000000001,0.5016392718794672,0.0,53.0,98,83.30000000000001,0.40357074785297053,0.0,27.1,76,38.90000000000001,0.5376448345427082,-0.95,271.68100891113284,625.3224487304688,500.0629917144777,0.5479469257600846,-1.9087962177064683,89.27695293426514,393.34339141845703,173.37770614624023,1.0364387915560682,-0.32054036458333335,5.0,100,-0.06787330316742082,0.05,1,0.0
tehri,uttarakhand,30.3786,78.4811,7293,30.378,78.482,2006,1978,1000.0,260,477.352734,8392,5.0,28.0,V,4705,0,IR+BILATERAL,NO,3660,816,575,mega,200,5291,CG+SG+USSR,Low/Unknown,https://lib.icimod.org/records/b8tjq-e8e90 ; https://www.google.com/search?q=Act+as+an+expert+Hydroelectric+Project+Data+Researcher.+Your+task+is+to+perform+a+deep+web+search+and+compile+a+highly+accurate%2C+verified+technical+profile+for+the+following+project%3A%0A%0AProject+to+Research%3A+tehri%0A%0A%0A%0AStrict+Source+Constraints%3A%0APrioritize+and+cross-reference+data+ONLY+from+highly+reliable+authorities%3A%0A1.+Central+Electricity+Authority+%28CEA%29+reports+or+hydro+executive+summaries+%28cea.nic.in%29%0A2.+PARIVESH+Portal+%2F+Ministry+of+Environment%2C+Forest+and+Climate+Change+%28parivesh.nic.in%29%0A3.+Owner%2FDeveloper+official+websites+or+Detailed+Project+Reports+%28e.g.%2C+NHPC%2C+SJVN%2C+NTPC%29%0A4.+Peer-reviewed+civil+engineering+research+papers+%28ResearchGate%2C+Elsevier%2C+Springer%29+no+wikipedia%0A%0APlease+output+the+gathered+data+in+a+single-row+Markdown+table+matching+these+exact+column+headers%3A%0A%0A%7C+project_name+%7C+state+%7C+installed_cap+%7C+dam_height+%7C+initial_cost+%7C+final_cost+%7C+planned_dur+%7C+actual_dur+%7C+rainfall+%7C+seismic_zone+%7C+forest_area_div+%7C+geological_prob+%7C+dist_road+%7C+contract_type+%7C+contract_retendered+%7C+tunnel_length+%7C+elevation+%7C+dam_length+%7C+category+%7C+transmission_line+%7C+landowners+displaced+%7C+funder+%0A%0AData+Formatting+%26+Rules%3A%0A-+state%3A+Indian+state+where+it%27s+located.%0A-+installed_cap%3A+Total+capacity+in+Megawatts+%28MW%29.%0A-+dam_height%3A+In+meters+%28m%29.%0A-+initial_cost+%26+final_cost%3A+In+INR+Crores+%28indicate+if+it%27s+an+estimate%29.%0A-+planned_dur+%26+actual_dur%3A+In+years.%0A-+rainfall%3A+Average+annual+rainfall+in+mm.%0A-+seismic_zone%3A+Roman+numeral+%28e.g.%2C+IV+or+V%29.%0A-+forest_area_div%3A+Total+forest+area+diverted+%28specify+Hectares%29.%0A-+geological_prob%3A+Short+summary+of+main+issues+%28e.g.%2C+%22yes-landslide%22%2C+%22shear-zone%22%2C+%22water-ingress%22%2C+or+%22no%22%29.%0A-+dist_road%3A+Distance+to+nearest+national%2Fstate+highway+or+major+road+%28km%29.%0A-+contract_type%3A+EPC%2C+Item+Rate+%28IR%29%2C+etc.%0A-+contract_retendered%3A+YES%2C+NO%2C+or+NO-LD+%28Liquidated+Damages%29.%0A-+tunnel_length%3A+Total+length+of+Head+Race+Tunnel+%2F+Tail+Race+Tunnel+in+meters+or+km.%0A-+elevation%3A+River+bed+or+crest+elevation+in+meters+above+mean+sea+level.%0A-+dam_length%3A+Crest+length+in+meters+%28m%29.%0A-+category%3A+Large%2C+Mega%2C+Small%2C+etc.%0A-+transmission_line%3A+Length+of+evacuation+lines+in+km.%0A%0AImportant+Note+on+Uncertainty%3A+%0AIf+a+value+is+provisional%2C+highly+debated+between+sources%2C+or+an+estimate%2C+mark+it+with+an+asterisk+%28*%29+and+provide+a+brief+footnote+explaining+the+discrepancy+below+the+table.+If+a+specific+field+cannot+be+verified+through+official+documentation%2C+leave+it+as+%27N%2FA%27.+Do+not+hallucinate+data.+provide+links+adjacent+to+all+your+data+for+every+data+colleceted+sources+are+most+important&sourceid=chrome&ie=UTF-8&aep=48&cud=0&qsubts=1781762312102&source=chrome.crn.obic&mstk=AUtExfASlX_L6ZWXA9Qw_PEU_0fLPfD-NgnKLoSHzSxdzwqkL4-ltK7ziydzc2lXS6FZcSVX1FLHdG4UGoe41aXP9KPBCQv7tbhBa-_dY04im4g3BRE9_bjdAepCFIc2x_XAZ2ldwn4lDGl0S3fHfzLcW9727KKrYz4CDQL_9MuFcZ9sJkIpq9rfuQmqjA0R9duzpbYC-v62KWMnvjszJw_U6X1t-MJjy2E6dePi31h9U6DznWODn_NGBJkcJw&csuir=1&udm=50 ; https://www.igs.org.in/time-capsule/geological-and-geotechnical-aspects-and-challenges-during-construction-of-the-tehri-hydropower-project ;  https://www.hydropower.org/sediment-management-case-studies/india-tehri ; https://uktenders.gov.in/nicgep/app?component=%24DirectLink&page=FrontEndLatestActiveTenders&service=direct&sp=SszHvQ7GjbD%2BAohbU9rYoZQ%3D%3D ; https://www.uttarakhandirrigation.com/design-main-designs-carried-out ; ,CWE Journal / THDC (CWC data) — Bhagirathi above Tehri dam,29,1351.2155954056773,2052.8765227794647,1612.0090601682662,0.1924366287781456,-1.3338095002704196,69.89852254144077,166.97007751464844,104.66000366210938,0.43555206700727683,0.06905713735842223,160.97457992157032,342.9964623451233,246.52865959107876,0.388915412784292,-0.07233613815860472,192.22616580668193,385.45522928237915,275.1432735443115,0.3388239413431018,-0.23450900405822767,10.537875705626037,15.67081315098828,12.980774552470342,0.18420503983234987,-0.004961778090634163,44.827586206896555,68,54.4,0.19127723923279716,-0.18181818181818182,17.93103448275862,33,25.0,0.33201910546011143,0.0,11.689655172413794,25,18.0,0.4351007449555703,0.05572755417956656,57.172413793103445,98,79.0,0.3311377629808655,0.6449579831932774,33.86206896551724,74,56.39999999999999,0.47824442900432973,-0.1213235294117647,298.0249583803374,810.3336601257324,572.5296936035156,0.6935974060548519,1.470270792643229,100.66895425730738,404.70772552490234,306.0454490661621,1.228221260198272,0.0,8.137931034482758,236,0.0,0.1724137931034483,5,0.0
koteshwar,uttarakhand,30.2814,78.6828,7691,30.43,78.53,2011,2000,400.0,97.5,1572.92587,2717,5.0,11.5,IV/V,87,0,IR,YES,593,612,300,large,38.55,0,CG+DEBT,Low/Unknown,https://www.researchgate.net/publication/338620616_Landslide_Risk_Mapping_of_Koteshwar_Reservoir_Rim_Region ; https://forestsclearance.nic.in/DownloadPdfFile.aspx?FileName=6111912131213LNJHGCBA.pdf&FilePath=../writereaddata/FormA/Wildlife/ ; https://www.researchgate.net/publication/377889924_Geological_and_Geotechnical_Problems_Encountered_during_Construction_of_Butterfly_Valve_Chamber_and_Penstock_Assembly_Chamber_of_Tehri_Pumped_Storage_Plant ; https://documents1.worldbank.org/curated/en/825981468044349058/pdf/502980PAD0P0960e0only0900BOX361487B.pdf ; https://www.researchgate.net/publication/349768071_Landslide_Susceptibility_Zonation_Mapping_Of_Koteshwar_Reservoir_Area_Using_Modified_Bis_Code_And_Ahp_Methods ; https://thdc.co.in/sites/default/files/2022-09/rehab-tehri.pdf;,Wikipedia citing THDC DPR — Bhagirathi above Koteshwar (below Tehri),12,1244.3909539282322,1719.3716996908188,1518.2439590334893,0.2020357242728637,19.934650245941047,70.33695443471272,150.34197998046875,82.19921417236328,0.4027071778033352,0.4541603088378906,155.01956009864807,244.16174793243408,196.7862259864807,0.2624354884544844,4.612416593233744,175.83648013540855,267.96362018585205,214.14019408226014,0.22426912806059154,4.594341308064759,10.494185563688633,14.448501678074107,11.757047461063435,0.1426448519888398,0.0714769592636303,40.833333333333336,54,52.2,0.19485254305763283,0.6875,17.0,25,23.9,0.33706104779747226,0.5357142857142857,12.0,20,17.700000000000003,0.36641405439646996,0.26136363636363635,55.583333333333336,98,78.9,0.3739690657990442,-3.5555555555555554,23.25,36,32.6,0.3141674690306753,0.05,325.1251947085063,758.9283103942871,449.9175022125244,0.5606122399632262,9.359651224953787,105.28505102793376,264.7142524719238,206.30333709716797,0.7923235517553003,-2.861408476396041,7.833333333333333,94,0.0,0.08333333333333333,1,0.0
dhauli ganga,uttarakhand,29.9744,80.6014,2157,30.068,80.542,2005,1996,280.0,56,617.7265222,1749,8.0,9.0,V,176.5,0,IR+SPLIt,NO,5395,1348,315,large,330,0,JICA,Low/Unknown,http://164.100.60.165/meetings/TEST/TEST29/TEST29_AG.pdf ; https://cercind.gov.in/2022/orders/284-GT-2020.pdf ; https://www.greentribunal.gov.in/sites/default/files/news_updates/1726633662.pdf ; https://www2.jica.go.jp/en/evaluation/pdf/2011_ID-P107_4_f.pdf,NHPC env clearance (Dhauliganga above Khet-Tawaghat),10,2421.379965531826,3647.4426995515823,3545.121425378323,0.3789447282697485,120.78154323498408,100.7199951171875,177.26593017578125,149.2817199707031,0.3688642912441551,7.1855926513671875,241.77620275020598,416.2953071594238,365.9994644165039,0.39965853106319077,20.039613246917725,288.8612163186073,523.4641628265381,451.4250952720642,0.43403179158216454,27.775687217712402,15.910651446257384,22.65492359969927,22.142849581364704,0.313066709678794,1.0853643214791653,74.1,104,101.3,0.2940886774428107,-0.125,39.8,68,59.9,0.48924701568585605,2.5,29.1,49,48.1,0.5507831054623612,3.0,48.8,87,62.69999999999999,0.31464094619129895,0.0,34.4,58,47.199999999999996,0.3642895394841986,1.0,725.031169128418,1731.8706512451172,1606.3017444610596,0.8549646196808146,106.04751205444336,228.16347122192383,773.9095306396484,735.1139358520508,1.2119107541356977,27.616063799176896,22.2,222,2.5,1.0,10,0.14285714285714285
tanakpur,uttarakhand,29.0714,80.1128,12792,29.075,80.11,1992,1984,94.2,26.3,198.6009821,379,5.0,8.0,IV/V,163.5,2,IR,NO,0,246,475,large,44.57,0,CG,Low/Unknown,https://uppcl.org/uppcl-pdf/PPA-Salal-Tanakpur-Chamera_070919.pdf ; https://www.nhpcindia.com/assests/pzi_public/pdf_link/6450a73eb860b.pdf ; https://cercind.gov.in/160606/76_2005.pdf ;  https://www.nhpcindia.com/assests/pzi_public/gallery/16889691701.pdf ; https://www.uttarakhandirrigation.com/tanakpur ; https://www.nhpcindia.com/welcome/project_detail/8/2.html;,NHPC / CWC Sharda basin data (Sharda/Mahakali above Tanakpur),9,1316.8027320570416,1811.6618304252625,1664.98145236969,0.23458952530713417,-56.28411199507259,116.67023849487305,208.4765167236328,181.68055725097656,0.4345684565250764,2.7556241353352866,254.38727037111917,419.6341052055359,365.91182126998905,0.384912466405261,4.40053454041481,284.04899484912556,426.1229782104492,422.7017750740051,0.367427751601001,2.3944602544818605,11.772357211499902,14.15922919874606,14.154732279907103,0.1783806861810092,-0.15467074977029985,36.888888888888886,49,41.800000000000004,0.19483086299754496,-0.4375,18.77777777777778,29,23.400000000000002,0.2968032237629456,-1.225,13.777777777777779,19,18.2,0.32418953616519,-0.875,55.666666666666664,90,78.8,0.28978571575000867,-2.25,20.333333333333332,29,27.4,0.2914162104037898,0.13095238095238093,390.0538092719184,756.9050331115723,623.1433540344239,0.4827544134370283,-29.479592296055383,153.11334906684027,342.64894104003906,312.64478454589846,0.7959963156427965,-4.6780750274658205,10.444444444444445,94,-0.7321428571428572,0.6666666666666666,6,0.0
maneri bhali ,uttarakhand,30.7325,78.4514,4693,30.8014,78.5014,2008,1976,304.0,39,4189.140207,1714,6.0,32.0,V,104.5,0,IR,YES,16000,1093,127,large,63,785,PFC,Low/Unknown,https://cag.gov.in/webroot/uploads/download_audit_report/2009/Uttarakhand_Performance_Audit_2009.pdf ; https://sbb.uk.gov.in/about-department/about-uttarakhand/ ; https://moef.gov.in/uploads/2017/06/Chapter%20F%20-%20Energy.pdf ;https://cdnbbsr.s3waas.gov.in/s3cf05968255451bdefe3c5bc64d550517/uploads/2025/04/2025043089272476.pdf ; https://cdnbbsr.s3waas.gov.in/s3cf05968255451bdefe3c5bc64d550517/uploads/2026/01/20260108183888341.pdf,CWE Journal / UJVNL (Bhagirathi above Maneri Bhali I dam),33,1432.6862928469975,2279.1385164260864,1664.902685880661,0.19225363826129857,2.104324125581318,65.86570098183371,165.85406494140625,100.33002014160158,0.4106749059180678,0.06455165461490028,157.16600209293944,351.4263381958008,227.59907903671265,0.3564089378696026,0.6188085291248102,189.75977919318458,392.3001651763916,263.7347059726715,0.3272457566447419,0.3155996865696377,10.470340574041593,16.515496495841205,12.383300511108573,0.17832020529756476,0.025634819089629564,49.21212121212121,76,56.0,0.181663813470134,0.0,19.636363636363637,39,27.8,0.36245397670726404,0.07692307692307693,12.909090909090908,26,19.8,0.434189815792969,0.07846153846153847,55.121212121212125,98,81.4,0.3682595741259113,0.16666666666666666,34.60606060606061,65,57.8,0.4076650035880267,-0.39230769230769236,303.4367694276752,868.4279747009277,566.67779006958,0.6684462942287531,4.996077075149074,98.79275767008464,538.0687866210938,238.07987976074222,1.1969748167182743,0.0,8.363636363636363,276,0.07417582417582418,0.18181818181818182,6,0.0
ramganga,uttarakhand,29.5214,78.7611,3134,29.535,78.988,1974,1961,198.0,128,15.60417212,172,10.0,13.0,V,,3,IR,NO,1262,365,630,large,73,0,SG,Low/Unknown,https://scholarsmine.mst.edu/cgi/viewcontent.cgi?article=1099&context=icchge ; https://www.uttarakhandirrigation.com/hydroelectric-projects-on-ramganga ; https://cea.nic.in/wp-content/uploads/2020/05/exe_summary-06-7.pdf ; https://cea.nic.in/wp-content/uploads/he___td/2025/03/Final_QPR_Oct_Dec24.pdf ; https://nmcg.nic.in/pdf/Ramganga_RBM_Plan-merged.pdf ; https://www.scribd.com/document/540147485/CASE-STUDY-RAMGANGA-DAM#google_vignette ; https://cea.nic.in/ ; https://ramganga.org.in/history-of-organization.php;,CWC / Upper Ganga Basin Org (cwc.gov.in) — Ramganga above Kalagarh,14,1081.269734791347,1550.6879239082336,1398.3924628138543,0.23903429763881465,-9.73446843624115,108.64476830618722,156.06829833984375,147.491862487793,0.2545855161186965,0.5455718994140625,214.16491637911116,343.38962519168854,291.69901142120364,0.2854019291068011,-2.7832608222961426,236.97550616094045,353.81549590826035,308.65900299549105,0.22235544386271502,-0.5785926952958107,14.665088466738016,18.460570522717067,17.87748047437319,0.19142173551247177,0.014303319539745476,30.214285714285715,45,38.0,0.2615580443965688,-0.2857142857142857,15.357142857142858,23,21.0,0.33075621762904234,0.0,11.928571428571429,18,16.700000000000003,0.3448706730534594,0.0,76.21428571428571,110,95.00000000000001,0.2163487378055554,1.75,12.714285714285714,24,17.700000000000003,0.36217441486036406,0.0,268.95812552315846,595.8574676513672,555.2969482421876,0.6233238721835342,7.423211839463976,67.19781276157924,264.10284423828125,155.24994049072265,1.2543032407699264,0.0,9.285714285714286,130,0.0,1.0,14,0.0
tiloth,uttarakhand,30.7411,78.4422,25920,30.128,77.86,1984,1973,90.0,39,18.79089828,79.34,5.0,11.0,V,,0,IR,NO,8630,1275,127,large,12,0,SG,Low/Unknown,https://moef.gov.in/uploads/2017/06/Chapter%20F%20-%20Energy.pdf ; https://cea.nic.in/wp-content/uploads/he___td/2025/03/Final_QPR_Oct_Dec24.pdf ; https://ujvnl.com/document/essd-maneri-dam-feb-2021-draft-25-2-2021.pdf ; https://moef.gov.in/uploads/2017/06/Chapter%20F%20-%20Energy.pdf ; https://ujvnl.com/document/tarrif-petitions-mb1-2018-annexure-1.pdf ; https://www.casemine.com/judgement/in/63940e209a341c7fcf9c5739 ; https://moef.gov.in/uploads/2017/06/Chapter%20F%20-%20Energy.pdf ; https://www.uttarakhandirrigation.com/maneri-bhali ; https://mospi.gov.in/sites/default/files/publication_reports/FR_Mar_2024.pdf,UJVNL operational data (Yamuna above Tiloth/Dakpathar),12,1127.023638933897,1708.9280017614365,1275.633860874176,0.19301414165437736,13.35636505484581,45.605247020721436,89.02596282958984,57.2921329498291,0.33090730915861993,-0.0921424388885506,110.07622080047925,220.20263671875,139.31834964752198,0.3449755638325265,-1.9300306379795074,133.78031157453856,227.88323259353638,157.88769016265869,0.24960293733726932,-2.401370108127594,7.442639177042307,11.469315448063332,7.934036004253577,0.18033861372636142,0.07440971934149446,37.5,58,45.7,0.23029771392056206,0.6833333333333333,8.916666666666666,21,11.9,0.5025048620100958,0.13392857142857142,5.583333333333333,17,7.800000000000001,0.6719733841486825,0.0,46.083333333333336,69,66.8,0.30269216824200723,-1.3095238095238095,50.0,99,70.10000000000001,0.4082482904638631,-3.988095238095238,199.63898833592734,716.197416305542,253.54062900543215,0.8146207678108248,1.2684238297598702,52.024187088012695,379.89014434814453,57.2921329498291,1.953498784891472,0.0,3.0833333333333335,37,0.0,0.0,0,0.0
vyasi,uttarakhand,30.5214,77.8711,24780,30.358,77.97,2022,2013,120.0,86,152.3518679,1307,5.75,8.6,IV,768.155,0,EPC,YES,2700,631,204,large,71,335,PFC,Low/Unknown,https://www.pib.gov.in/PressReleasePage.aspx?PRID=1544111&reg=48&lang=2 ; https://cea.nic.in/wp-content/uploads/hepr/2022/03/State_Power_3.pdf ;  https://parivesh.nic.in/utildoc/22300132_1699353939812.pdf ; https://ujvnl.com/document/Petition%20for%20approval%20of%20Provisional%20Tariff%20for%20Vyasi%20Hydro%20Power%20Project%20(2x60%20MW)_18.10.2022.pdf ; https://cdnbbsr.s3waas.gov.in/s35679fb79d04e9ed91e292858c54df4e8/uploads/2025/10/20251013426679284.pdf ; https://environmentclearance.nic.in/DownloadPfdFile.aspx?FileName=yp66tKwguLNoYWTKbeDynqS8T5qyTBXcxQDKGxgKiwXPg8Q4+5sFQ7qSIrSxOsj6&FilePath=93ZZBm8LWEXfg+HAlQix2fE2t8z/pgnoBhDlYdZCxzWF1OLE6RXe5MiAhSH8vdQ1 ; https://ptcul.org/transmission-lines-completed-project ; https://www.uttarakhandirrigation.com/lakhwar-vyasi-project ; https://parivesh.nic.in/utildoc/22300132_1699353939812.pdf ; https://www.pfcindia.co.in/ensite/Home/VS/4;,UJVNL DPR (Yamuna above Vyasi/Juddo),10,1154.1542294502258,1550.8672633171082,1277.840118896961,0.1403386587550636,19.610375499725343,59.619416046142575,121.26455688476562,77.22410278320311,0.38685952038215315,-2.4284103393554686,142.42451310157776,269.2448196411133,181.13048059940334,0.32478844063263623,-3.8017617225646974,161.43048259019852,284.86233139038086,204.18909504413602,0.28622758410031274,-5.523018995920817,8.674912224169665,11.320199002314657,9.976296464161976,0.12924328119640158,-0.042357329689740375,36.8,54,42.3,0.18462269295068512,0.8,13.9,19,16.299999999999997,0.21207774061847015,0.0,8.1,13,11.2,0.3423561635521494,0.0,46.5,80,77.3,0.39528379346123804,0.3333333333333333,31.6,44,42.2,0.25085976180514447,0.14285714285714285,246.489422416687,552.3832015991211,362.8825803756713,0.49921598547367474,-11.967278798421225,62.25219039916992,198.30725860595703,140.2488746643066,1.1080128952483672,-14.994302749633789,5.1,51,-0.3333333333333333,0.1,1,0.0
madhyamaheshwar,uttarakhand,30.6412,79.1311,73,30.58,79.19,2023,2012,15.0,3.5,95.03867191,114.5,4.0,11.0,V,4.85,0.5,TURNKEY,YES,298,1823,21,small,14,0,UJVN,Medium/High (Elevation > 1500m),https://nmcg.nic.in/writereaddata/fileupload/ngtmpr/1_Uttarakhand%20-%20MPR%20Feb%202025.pdf ; https://www.scribd.com/doc/205672765/MM-layout ; https://ujvnl.com/tenders-archieve ; https://ujvnl.uk.gov.in/operational-plants/ ;,UJVNL SHP data (Madhyamaheshwar R catchment),12,1572.097321420908,2006.712076306343,1893.4996399641038,0.1861738832032162,18.98183288425207,77.4215259552002,103.7229232788086,95.71324234008789,0.19764252102150012,0.5205841064453125,169.04257146269083,223.7970781326294,218.64233798980715,0.19197399683379487,-1.4981224056747224,205.39926270892224,276.6235866546631,254.4410749912262,0.20389093954139356,-4.2851893795861145,12.70821037647248,16.754626943354022,16.079058419532313,0.16842599098223293,-0.002512358543212991,52.75,65,61.9,0.1663725383212428,1.4652777777777777,25.333333333333332,38,34.5,0.278344681596134,0.0,17.666666666666668,30,28.200000000000003,0.3806460566383399,0.30952380952380953,51.583333333333336,80,76.4,0.2898701970162689,-1.1111111111111112,22.083333333333332,47,27.0,0.3932321724806277,0.8785714285714286,486.0644515355428,899.3230209350586,782.8371978759766,0.43508721714701254,-0.3788845062255859,173.52235253651938,411.1219291687012,291.610705947876,0.6430570276811541,-4.326865877423968,12.333333333333334,148,-0.0625,0.08333333333333333,1,0.0
singoli bhatwari,uttarakhand,30.4914,79.0511,1324,30.598,79.108,2020,2008,99.0,24.5,873.6062168,1696.93,4.0,12.0,IV,16.81,0.2,EPC,NO,11.89,12945,127,large,91.47,194,RENEWJAL,Medium/High (Elevation > 1500m),https://www.powermin.gov.in/static/uploads/2025/08/92b258b7c181f23a14b7fa4ee8e9f042.pdf ; https://environmentclearance.nic.in/writereaddata/modification/previousTOR/210420173X10Q5LRFORM.pdf ;  https://cea.nic.in/wp-content/uploads/ptcc_route_app/2020/07/UTR-26.pdf ; https://cea.nic.in/wp-content/uploads/hpi/2026/04/In_Operation_HEPs__PSPs_as_on_30.04.2026-1.pdf ; https://ptcul.org/document/business_plan_of_ptcul.pdf ;  https://www.cercind.gov.in/2024/orders/478-TT-2020.pdf,L&T / env clearance (Mandakini above Singoli Bhatwari),13,1095.7807448277106,1616.868017077446,1347.4491507053376,0.21744382307895868,-32.58295074105263,68.35489302415114,138.85179138183594,92.33321533203126,0.37692982119618856,-2.2529633839925127,145.52976373525766,248.27159214019775,219.61333255767826,0.32847396420888686,-5.747975561353895,167.51675588121782,274.1694241762161,247.87775242328647,0.3146939566282781,-6.2661178186535835,10.934396045339279,14.566378532229242,13.98816848746992,0.18430012629171352,-0.2229736146819846,35.46153846153846,56,42.800000000000004,0.23217506568780308,-0.5357142857142857,16.0,23,22.400000000000002,0.2718791445307441,-0.5,10.923076923076923,16,16.0,0.3687613369460858,-0.5357142857142857,57.84615384615385,90,82.6,0.3237588166981235,1.1214285714285714,13.076923076923077,28,19.400000000000002,0.4493748059949242,-0.7142857142857143,298.0861402658316,610.4470710754395,533.6510139465332,0.5479940947016192,-24.13042132059733,89.0953615628756,355.58544540405273,232.79026031494143,1.3106663692330236,-6.9928031921386715,8.153846153846153,106,-0.5,0.07692307692307693,1,0.0
Tapovan Vishnugad,Uttarakhand,30.4925,79.6311,3100,30.578,79.62,2025,2010,520.0,22,4080.118084,7000*,5.0,15.0,V,157,2,EPC,YES,12000,1800*,200*,Mega,50*,52*,ADB/NTPC,High (History/Prone),https://ntpc.co.in/power-generation/hydro-stations,NTPC DPR via Power-Technology.com (Dhauliganga above Tapovan),15,1557.0223857402802,1960.9372022151947,1887.9877628803254,0.15716122715789116,20.145752449830372,80.42723897298177,187.1902008056641,119.89778442382811,0.4638066393611274,-2.866710662841797,180.6580295443535,328.11077880859375,268.60992918014523,0.3115845521764996,-1.918526291847229,218.97862656836708,351.0320816040039,316.2361021518707,0.25427180314439246,-1.0152780711650848,12.096304177164784,16.067878633464147,14.671281088820583,0.15207362360647278,-0.11096410344641038,52.666666666666664,65,65.0,0.17671720266117727,0.8,24.6,34,32.2,0.24062843230810965,0.16666666666666666,16.866666666666667,28,23.6,0.2990922436741915,0.2,50.333333333333336,83,76.2,0.35344638267132733,-1.8333333333333333,28.533333333333335,53,40.4,0.3383093663440328,1.4444444444444444,548.4676005045573,974.6461067199707,833.8081424713134,0.37560106090440126,-1.1302173137664795,214.135942586263,460.21926498413086,407.31249237060547,0.5857271261227951,-10.078407287597656,10.933333333333334,164,0.0,0.26666666666666666,4,0.0
Vishnugad Pipalkoti,Uttarakhand,30.4311,79.4325,12100,30.4758,79.4317,2026,2016,444.0,65,2847.769777,3860,5.0,10.0,V,80,1,EPC,NO,13400,1260*,114*,Large,30*,265,WB,Low/Unknown,https://thdc.co.in/en/projects/hydro/vishnugad-pipalkoti-he-project,THDC DPR / World Bank (Alaknanda above Vishnugad Pipalkoti),9,1283.6738906701405,1501.747730731964,1385.9759260177614,0.07826091696973506,-3.111645448207855,51.15513949924045,119.74386596679688,63.42513122558595,0.48564016914059926,0.22091655731201057,119.76075831055641,174.11444473266602,157.51288070678712,0.2197727241776825,1.0488588064908981,145.04857651392618,189.50829601287842,175.69684886932373,0.15948574994208656,-0.9231579417274112,9.126625593037883,10.750586020846328,10.322893970057505,0.10148903064465856,-0.023828887078280746,45.22222222222222,50,49.2,0.085819406371366,0.26785714285714285,14.777777777777779,21,19.4,0.25475299768567544,0.1,9.333333333333334,15,13.4,0.41954786158824037,-0.1,52.77777777777778,86,81.2,0.3947017528263721,-4.9,39.0,62,54.800000000000004,0.32116742270181087,-0.04166666666666667,314.9995409647624,510.2532329559326,487.9093364715576,0.45376485782572684,1.0524213314056396,68.4817869398329,253.62340927124023,128.46048202514652,1.0570392052302382,-0.12379217147827148,4.777777777777778,43,-0.14285714285714285,0.1111111111111111,1,0.0
Shrinagar,Uttarakhand,30.2214,78.8028,7589,30.2214,78.7917,2015,2005,330.0,90,1870.7666,4500,6.0,10.0,IV,330,0,EPC,YES,0*,600*,248,Large,20*,350*,CONSORTIUM,Low/Unknown,http://www.gvk.com/ourbusiness/energy/energy.aspx,GVK env clearance (Alaknanda above Shrinagar),11,1196.3890747373755,1689.865690112114,1384.295455813408,0.20418310038984552,-3.6862924695014954,79.26369927146219,158.4005584716797,119.63632202148438,0.4059899195055464,1.4582049051920574,172.4599976756356,272.9304552078247,248.99450016021729,0.31877768344737467,5.337896943092346,190.3837203654376,281.7550382614136,270.49961948394775,0.2794388465467167,5.018643670611912,10.902282888871648,14.954563629310742,11.632734922801747,0.13453640267801834,-0.010584546767684463,38.09090909090909,52,45.0,0.17996556106452366,-0.8,16.545454545454547,26,20.0,0.2791944179321428,-0.25,11.181818181818182,19,15.0,0.30937069252748695,0.0,50.63636363636363,83,59.0,0.24798989802272187,2.3333333333333335,22.636363636363637,32,32.0,0.3296599255619459,0.3333333333333333,331.7476237903942,702.0891380310059,475.0766181945801,0.4828212859663049,5.671240488688151,87.20977089621805,226.15553283691406,210.46368408203125,0.9457411425680683,0.0,8.363636363636363,92,0.0,0.18181818181818182,2,0.0
Naitwar Mori,Uttarakhand,31.0614,78.0525,1768,30.9867,78.2517,2023,2017,60.0,30.5,680.4,1100,4.0,6.0,IV,45,5,EPC,NO,4300,1400*,50*,Large,37,12*,PFC+SJVN,Low/Unknown,https://sjvn.nic.in/index.php/en/naitwar-mori-hps,SJVN DPR (Tons R above Naitwar Mori),7,1124.451332773481,1464.2546812295914,1327.310266160965,0.14739225801701944,48.59352603554726,61.50941440037319,95.75325775146484,82.43569488525391,0.3222356415641581,4.439187622070312,150.513519687312,335.743709564209,242.33236126899726,0.5375854927367388,14.001879930496216,165.39485830600773,352.87232732772827,274.6302259922028,0.5260661019897449,18.26325949281454,9.575983164380963,12.958006028580455,11.6319710520333,0.18354720978117742,0.7704899634748346,38.714285714285715,48,45.6,0.15845690445449365,2.6,13.714285714285714,17,16.4,0.17738944131173334,0.5,9.0,16,13.000000000000002,0.3894553697265174,1.0,44.57142857142857,73,67.0,0.3837329620886039,-2.0,16.142857142857142,32,25.400000000000006,0.4484552020998205,0.5,267.0493368421282,600.741886138916,452.0530895233155,0.6437480780789375,51.301547050476074,94.78077806745257,455.0773010253906,226.16531219482437,1.5889578867002576,12.422848510742188,5.857142857142857,41,1.0,0.0,0,0.0
Lata Tapovan,Uttarakhand,30.4914,79.7111,3350,30.7267,79.6783,2026,2016,171.0,35,1766.459563,2500,5.0,10.0,V,46,2,EPC,NO,7500,2000*,80*,Large,15*,10*,NTPC,High (History/Prone),https://ntpc.co.in/power-generation/hydro-stations,NTPC env clearance (Dhauliganga above Lata Tapovan),9,1629.3691557645798,1960.9372022151947,1838.8625119686128,0.10301485427666844,5.241153657436371,64.21478017171223,129.94387817382812,79.21827392578126,0.36779579127421497,0.28893537521362395,163.76992683940463,247.59222030639648,188.43017196655273,0.1977088042239271,0.4039582808812459,205.18775860468546,286.7744827270508,236.9835304260254,0.1594875218558944,-0.7293227740696498,11.776459395614692,14.10746188644025,13.88273671261895,0.1281321686538017,0.0946120602143612,56.55555555555556,65,65.0,0.09795639184532738,-0.25,25.0,31,29.4,0.18571184369578828,0.0,17.0,24,23.2,0.2252769665309031,0.1,46.0,79,73.4,0.4076046698673981,0.625,33.55555555555556,53,44.2,0.278539613838584,1.2,547.2818012237549,839.9310894012451,827.6851955413819,0.36010872359624385,14.808114733014788,172.48266050550671,396.441349029541,305.91747512817386,0.6060123286253687,8.66243839263916,11.444444444444445,103,0.0,0.2222222222222222,2,0.0
Lakhwar,Uttarakhand,30.5228,77.9214,2912,30.7517,78.1033,2027,2017,300.0,204,4456.1976,5747,6.0,10.0,IV,768,1,EPC,YES*,3000*,650*,350*,Mega,40*,200*,CG+SG,Low/Unknown,https://ujvnl.com/document/corri3-eio12-27-5-2019.pdf,UJVNL DPR / CWC (Yamuna above Lakhwar dam near Lohari),8,1620.4751234203577,1995.0140351057053,1797.6391327261924,0.10981949057210284,33.57926646868388,92.4806170463562,133.5799560546875,119.16873703002929,0.2626469651273201,3.717533792768206,211.93602810800076,449.5363578796387,287.8254342317581,0.44007415321395094,-1.583429672888347,251.54066722560674,492.4529809951782,343.43507566452024,0.3873222882468688,4.179097652435303,13.718319044932208,16.906898602590722,16.492402173105607,0.145128970035583,0.36891023038213944,50.5,62,57.8,0.11025275966000042,1.7321428571428572,25.125,32,29.2,0.1468293986405344,0.8452380952380952,18.375,21,20.3,0.11198692267451925,0.3333333333333333,58.125,85,80.8,0.33053280720690037,3.75,22.375,31,30.3,0.2947159036672621,1.5833333333333335,447.1881408691406,751.9837608337402,632.2259517669678,0.38050839271540915,-1.0895837148030598,214.74820232391357,398.8065490722656,341.91405868530273,0.573117447909545,5.612277984619141,14.5,116,0.4,0.625,5,0.0
Kishau,Uttarakhand,30.6314,77.8125,4595,30.6667,77.8833,2028,2018,660.0,236,10600.0,12000*,8.0,10.0,IV,2000*,10,EPC,NO*,2000*,800*,500*,Mega,50*,500*,CG+SG,Low/Unknown,https://ujvnl.com/tenders/tenders/tender_10272.pdf,UJVNL DPR (Tons R above Kishau),7,1510.0971673556737,1940.4182710647583,1731.2968529462814,0.13612115885100273,52.15473347902298,83.84430694580078,132.01255798339844,113.77947387695312,0.31827068332806785,5.664415995279948,197.581812109266,444.48031997680664,310.04500379562387,0.5342480079873551,6.484583377838135,234.5494503378868,484.25615406036377,351.96884959936153,0.4674214032478334,12.615334272384644,12.255095834408895,15.905067795612773,14.8899694800342,0.16234859956827893,0.7488135107228014,48.142857142857146,56,53.6,0.10321974558413106,2.0,22.571428571428573,28,27.4,0.1832166433687358,1.5,14.857142857142858,19,19.0,0.21110094615480912,1.0,51.42857142857143,75,72.6,0.3429627629789034,8.0,28.285714285714285,53,39.80000000000001,0.3889872629084789,3.25,367.89159556797574,779.7089729309082,592.8077850341798,0.5808983893951526,38.86904652913412,148.2571258544922,401.04931640625,297.01608123779306,0.832762471457759,25.20730133056641,10.714285714285714,75,0.6,0.42857142857142855,3,0.0
Phata Byung,Uttarakhand,30.5611,79.0414,1125,30.5367,79.1683,2025,2013,76.0,26,506.877733,800,5.0,12.0,V,25,1,EPC,YES,3000*,1600*,60*,Large,15*,5*,LANCO+BANKS,Medium/High (Elevation > 1500m),https://cea.nic.in/hydro-project-monitoring-division/?lang=en,Lanco env clearance (Mandakini above Phata Byung),12,1190.0951304336388,1411.091129541397,1348.9887172341348,0.11877329563194107,15.685313805937767,59.522215843200684,106.87744903564452,81.25589599609376,0.3085970923262151,-0.8623991012573242,135.85925016800562,266.3366198539734,171.6150115966797,0.3562041435542065,-1.0735164721806845,155.40939256797233,290.8861413002014,196.48214330673218,0.33339165346504485,-1.8298936069011686,9.9840635707356,12.828101177649064,12.523759199480176,0.1485034033609918,-0.0503823320757725,39.416666666666664,46,45.8,0.12996526756282184,0.6333333333333333,16.166666666666668,23,22.6,0.26222881117478153,0.0,10.083333333333334,18,15.0,0.403776314059706,0.05555555555555555,55.75,86,80.2,0.29593015160352315,-0.05555555555555555,21.916666666666668,46,27.0,0.4099945537767052,0.0,296.38396151860553,529.5772132873535,448.50546607971194,0.45647521693118437,-2.519805145263672,68.21955172220866,213.37658309936523,191.36224136352538,1.1364517777049408,0.0,7.083333333333333,85,0.0,0.08333333333333333,1,0.0
Chibro,Uttarakhand,30.5514,77.8025,4775,30.5533,77.7733,1975,1965,240.0,59.25,233.28,500,6.0,10.0,IV,100*,5,IR,NO*,6200,652,155,Large,20*,100*,SG,High (History/Prone),https://ujvnl.com/document/tarrif-petitions-chibro-2018.pdf,UJVNL operational data (Tons R above Ichari/Chibro),11,1456.805063843727,2061.5292724370956,1912.8475250005722,0.26636327480987354,-92.72587266233232,84.88413169167258,152.95191955566406,137.1112518310547,0.3751715872830437,-7.662518692016602,213.1324000954628,428.96543884277344,305.7186942100525,0.4531308090097404,-27.281750679016113,256.2898435104977,523.6848411560059,356.93842005729675,0.4401214416316885,-30.574043130874635,13.251913034508844,18.938438810864273,18.913112591166016,0.2556905232610206,-1.0901182815698864,45.36363636363637,58,54.0,0.1926976413826953,-1.375,20.727272727272727,30,29.0,0.34795935912804743,-1.6666666666666667,15.181818181818182,24,22.0,0.40586259168456396,-1.75,62.18181818181818,85,81.0,0.1970595373742017,1.7142857142857142,27.727272727272727,51,37.0,0.3323626464911262,-0.6,444.8977851867676,1088.7745513916016,877.9030647277832,0.7404865188341812,-98.46262741088867,182.34471130371094,589.8132934570312,391.57730865478516,1.0903240185695737,-54.1796875,11.818181818181818,130,-1.5,0.18181818181818182,2,0.0
Khodri,Uttarakhand,30.5014,77.7911,18040,30.365,77.8433,1975,1967,120.0,0,116.64,300,4.0,8.0,IV,50*,5,IR,NO*,6000,500*,0,Large,10*,20*,SG,Low/Unknown,https://ujvnl.com/document/tarrif-petitions-khodri-2018-annexure-1.pdf,UJVNL — Khodri uses Yamuna; catchment = Yamuna above Dakpathar,9,1142.0557596551048,1471.9125527143478,1429.6373160123826,0.19976556870391454,-44.40180676430464,54.38750881618924,71.273681640625,69.159130859375,0.189542630763023,-2.518519163131714,149.9860030280219,219.369215965271,189.7343152999878,0.2546781388144174,-11.275981704394024,184.36985609266492,247.32381057739258,232.24704666137697,0.2201521770653726,-13.570565802710398,8.80921975289724,10.822886417017264,9.78373705165522,0.12898365131462933,-0.35914636549472,38.0,54,51.6,0.2715050445709151,-3.0,13.222222222222221,18,18.0,0.2710002604470101,-1.0625,9.0,14,12.4,0.35908739684565405,-1.0,62.888888888888886,85,80.2,0.19667731519541692,1.5238095238095237,43.666666666666664,74,58.0,0.34663549739672456,-1.3666666666666667,256.3317805396186,549.7366199493408,396.41000404357914,0.5494363099998688,-34.928242206573486,40.73210906982422,184.89939880371094,91.88427429199221,1.4259174986553325,-4.383127689361572,6.0,54,-0.9166666666666667,0.0,0,0.0
chilla,uttarakhand,29.9714,78.2211,23100,30.1142,78.2658,1980,1973,144.0,7,15.0,97.76,6.0,7.0,IV/V,0,1,IR,NO,14300,249,565,Large,,0,SG,Low/Unknown,"Barrage on Ganga at Rishikesh, very low head 33m, well-documented. Initial cost Rs15cr est, final Rs97.76cr per Irrigation Dept. Planned 6yr, actual 7yr.",UJVNL / CWC — Chilla draws from Ganga+Alaknanda+Bhagirathi at Rishikesh,8,1011.0958337932825,1592.893199801445,1272.5108730912207,0.26061359673044343,5.014546912908554,59.152873039245605,114.5959930419922,87.47443237304687,0.39830594934644686,-0.49935177394321983,142.15574572235346,231.73436814546585,184.21954845786092,0.27118611000215226,-1.346324841181437,165.7511107698083,235.75344735383987,192.70671324133872,0.17682773255628897,-2.2973273754119874,8.892366850678807,13.385657141188613,10.986249012100332,0.20605747776860828,-0.021125336308632114,31.875,47,40.699999999999996,0.24922795051663763,0.07500000000000001,11.25,20,17.9,0.43941599851744867,-0.475,7.375,18,11.7,0.5907940697604533,-0.41666666666666663,67.25,84,82.6,0.1922691530258104,-0.9642857142857143,46.0,97,70.39999999999999,0.5241114544017911,-2.95,243.47298216819763,721.6994781494141,417.2194946289062,0.773128238165694,-5.221598148345947,63.779436111450195,375.15288162231445,207.1036895751953,1.971170724675106,0.0,5.625,45,-0.08333333333333333,0.125,1,0.0
vishnuprayag,uttarakhand,30.5628,79.5714,7090,30.5633,79.58,2006,1997,400.0,28,1154.0,2847,7.0,9.0,V,80,0,BOOT,NO,1100,1800,85,Large,,50,private,High (History/Prone),"JP Associates, BOO. Initial cost Rs1154cr (March 1996 estimate), CEA cleared at Rs1614.66cr, final ~Rs2847cr. MOU 1992, commissioned Oct 2006.",Jaypee env clearance (Alaknanda above Vishnuprayag),10,1058.217232656479,1383.3326737880707,1224.3037120819092,0.16810111847484407,18.461149883270263,43.405639266967775,73.98709869384766,56.12149581909179,0.3123031111201224,-0.04776446024576823,99.74050436019897,133.77006149291992,118.7338526725769,0.1875344185752252,-1.8864263534545898,122.96139848232269,154.09412240982056,146.23384280204772,0.16722393057268414,-0.04860387908087836,7.657800895340486,8.982679699922537,8.528481010918494,0.12771014245886605,0.10095385895360327,34.9,46,41.5,0.226506065031194,1.1111111111111112,10.5,16,16.0,0.4264497748045355,0.4,5.8,9,9.0,0.4925123054167483,0.0,43.3,74,53.29999999999999,0.34005703071985294,-1.0,29.3,44,40.4,0.32308040476556626,2.3333333333333335,183.4600799560547,320.0048885345459,313.77891063690186,0.5908377677229024,5.511712755475726,55.59611854553223,193.89447021484375,173.70638160705565,1.2575921068824145,0.0,3.1,31,0.14285714285714285,0.0,0,0.0
maneri_bhali_I,uttarakhand,30.7411,78.4422,4693,30.8014,78.5014,1984,1973,90.0,39,19.0,79.34,7.0,11.0,V,10,0,IR,NO,8600,1093,127,Large,,100,SG,Low/Unknown,"Stage I, commissioned 1984. Initial ~Rs19cr estimate, final Rs79.34cr per Irrigation Dept. Tunnel had face collapse, water ingress, squeezing documented.",UJVNL / CWE Journal (same dam as maneri bhali I),12,1460.0226360559464,2279.1385164260864,1570.7933729171752,0.2058001243953466,8.74314159325191,62.85838254292806,107.10066223144533,82.73995590209961,0.3019307145559222,-3.5532291412353514,151.77862145503363,251.00884628295898,187.4697811126709,0.2635622967627606,-4.467590026060741,188.48385524749756,313.06289291381836,241.39173698425293,0.2640715485500567,-3.0242629022825334,10.528191750689208,16.515496495841205,11.64775871565292,0.20266252002716023,-0.05264553708007838,51.416666666666664,76,55.8,0.18864113525366064,0.125,19.5,39,23.9,0.37480362306462733,0.38181818181818183,12.583333333333334,26,16.700000000000003,0.4109697081880848,0.045454545454545456,56.75,91,81.6,0.3337276998505493,-0.6428571428571428,43.75,87,63.8,0.4418513925079613,-0.5208333333333333,271.1126073201497,868.4279747009277,345.0678737640381,0.7378101977171461,-9.425911331176756,111.93597094217937,538.0687866210938,224.0269828796387,1.316594687620297,-18.108588218688965,8.0,96,0.0,0.16666666666666666,2,0.0
Luhri Stage 1,himachal,31.3325,77.4214,50000,31.5767,77.3833,2025,2020,210.0,80,1810.0,1810,5.0,5.0,IV,,,EPC,NO,,863,,Large,,,Central,Low/Unknown,"On Satluj river. Approved recently (2020), under construction.","Derived: total Satluj basin catchment is 51,600 sq km (Himdhara ""State of Rivers - Himachal Pradesh"" 2017, citing Govt of HP/HIMURJA data); Luhri Stage-1 is downstream of Nathpa Jhakri (49,820 sq km) and Rampur, so catchment must be close to full basin figure. The previously estimated 30,000 sq km is physically inconsistent (catchment cannot decrease moving downstream) and is corrected here.",5,1097.3647241830827,1349.6332391500473,1259.945622086525,0.12413929369316726,64.24106082320213,47.512942504882815,91.67838287353516,72.72378540039062,0.4884856697991616,8.191791534423825,125.38434104919433,259.8862886428833,196.83286228179932,0.5398472371691362,8.875231266021729,140.6525495529175,277.73654651641846,211.7458209991455,0.4897492802022859,7.056891918182373,7.612447724479184,8.488259365723568,8.378836485102,0.09383677698271121,0.33866921338912537,35.6,38,38.0,0.07238257711643328,1.0,9.2,12,12.0,0.2516486283215267,0.5,5.0,8,7.6,0.565685424949238,1.75,43.6,71,60.2,0.3422276596989814,4.25,40.6,69,60.6,0.4210598156917852,9.25,229.06531867980956,388.8564109802246,339.36840438842773,0.4270716959190481,79.66554689407349,102.40916900634765,275.0125389099121,210.85487442016603,0.9201282653616057,20.83835220336914,3.0,15,0.75,0.0,0,0.0
Maneri Bhali Ii,uttarakhand,30.7325,78.4514,4693,30.7236,78.4425,2008,1976,304.0,81,73.0,1900,6.0,32.0,IV,,,IR,YES,16000,1050,75,Large,,,SG,Low/Unknown,Dharasu project. Work suspended for over a decade due to fund constraints and geological issues.,UJVNL (Bhagirathi above Maneri Bhali II diversion at Uttarkashi),33,1432.6862928469975,2279.1385164260864,1664.902685880661,0.19225363826129857,2.104324125581318,65.86570098183371,165.85406494140625,100.33002014160158,0.4106749059180678,0.06455165461490028,157.16600209293944,351.4263381958008,227.59907903671265,0.3564089378696026,0.6188085291248102,189.75977919318458,392.3001651763916,263.7347059726715,0.3272457566447419,0.3155996865696377,10.470340574041593,16.515496495841205,12.383300511108573,0.17832020529756476,0.025634819089629564,49.21212121212121,76,56.0,0.181663813470134,0.0,19.636363636363637,39,27.8,0.36245397670726404,0.07692307692307693,12.909090909090908,26,19.8,0.434189815792969,0.07846153846153847,55.121212121212125,98,81.4,0.3682595741259113,0.16666666666666666,34.60606060606061,65,57.8,0.4076650035880267,-0.39230769230769236,303.4367694276752,868.4279747009277,566.67779006958,0.6684462942287531,4.996077075149074,98.79275767008464,538.0687866210938,238.07987976074222,1.1969748167182743,0.0,8.363636363636363,276,0.07417582417582418,0.18181818181818182,6,0.0
Giri Bata,himachal pradesh,30.6114,77.4725,2317,30.8467,77.4317,1978,1968,60.0,20,9.0,17,4.0,10.0,IV,,,IR,NO,7000,500,,Large,,,SG,Low/Unknown,First major project by HPSEB. Tunneling faced severe squeezing ground conditions.,HPSEB / HP Power Dept (Giri R above Giri Bata),11,1310.7019269791517,1730.4656975269318,1557.1113957166672,0.21741784698747385,0.8512476444244385,96.1109750921076,178.78672790527344,156.947509765625,0.41566167510869434,7.214878082275398,215.19194463166323,330.2483129501343,301.41431617736816,0.29383457656436185,5.543523856571743,247.20782751657745,380.2146625518799,338.6945581436157,0.29651121733958585,5.538244217634201,14.2903513838633,19.710270831856548,16.74692098984773,0.18214517664831753,0.2779277500801151,39.09090909090909,55,48.0,0.2044925389486568,-0.5,21.181818181818183,30,27.0,0.25369127392500684,-0.8,15.727272727272727,21,19.0,0.2587633443421895,-0.1,67.63636363636364,85,84.0,0.18736385584114648,-0.6666666666666666,15.545454545454545,25,18.0,0.2842129328707103,-0.6,342.44797446511006,705.0751533508301,510.8267021179199,0.614559038563696,29.038915634155273,98.48404901677912,522.2233734130859,156.947509765625,1.4739626871129936,13.98087501525879,11.454545454545455,126,0.2,0.5454545454545454,6,0.14285714285714285
Shongtong Karcham,himachal pradesh,31.5114,78.2725,48755,31.51,78.02,2026,2016,450.0,,2800.0,4500,5.0,10.0,IV,,,EPC,NO,8000,1900,,Large,,,SG,Medium/High (Elevation > 1500m),"Run of river on Satluj. Under construction, faced delays.","Same Sutlej reach as Karcham Wangtoo (immediately upstream); JSW/Tribune-sourced figure of 48,755 sq km used as best available proxy since Shongtong-Karcham is only ~few km upstream",9,1094.364055858718,1272.1033382415771,1210.755344772339,0.08385884787322391,6.1129608526825905,41.92420429653592,64.58000183105469,60.36864318847656,0.31812244885730256,2.780960202217102,103.63741791248322,233.80447006225586,137.43678483963015,0.46642890418299293,0.9168872237205505,120.23500230577257,249.31838655471802,156.92043828964236,0.403200644817617,0.8526314496993948,7.250631402889386,8.000649926047656,7.770031127945167,0.08370045039626033,0.07217018269741163,36.44444444444444,43,41.4,0.11862851498990071,-0.07142857142857142,8.88888888888889,12,10.4,0.20155644370746373,0.14583333333333331,4.222222222222222,7,6.2,0.5210260492953508,0.0,44.44444444444444,79,72.6,0.4241462012089699,-1.0,38.77777777777778,55,47.0,0.22605252634173087,1.4375,239.5145017835829,422.9332904815674,299.00011787414553,0.3466165250507422,5.431714375813803,59.82390679253472,225.90016555786133,127.7750282287598,1.1429154922339761,5.978289922078451,2.111111111111111,19,0.0,0.0,0,0.0
